Facility Name,Category,District,Amount Paid,Claim Month,Payment Date,Page,Hash
EBUKROM CHPS COMPOUND,CHPS,WASSA AMENFI EA,2762.31,01/02/2025,16-May-2025,1,EBUKROM27623101022025
EDUABENG CHPS COMPOUND,CHPS,TLD,4217.18,01/02/2025,16-May-2025,1,EDUABENG42171801022025
EDUKROM CHPS COMPOUND,CHPS,AGONA,303.73,01/02/2025,16-May-2025,1,EDUKROM3037301022025
EDUMANU CHPS COMPOUND,CHPS,ASIKUMA ODOBEN,122.57,01/02/2025,16-May-2025,1,EDUMANU1225701022025
EDUOSIA CHPS COMPOUND,CHPS,ASIKUMA ODO BRA,302.72,01/02/2025,16-May-2025,1,EDUOSIA3027201022025
EFFIDUASE CHPS COMPOUND,CHPS,NEW JUABEN,2968.68,01/02/2025,16-May-2025,1,EFFIDUASE29686801022025
EGBAZO CHPS ZONE,CHPS,JOMORO,1646.75,01/02/2025,16-May-2025,1,EGBAZO16467501022025
EHI HEALTH CENTRE,Health Centre,KETU NORTH,3700.29,01/02/2025,16-May-2025,1,EHI37002901022025
EHIAMANKYENE CHPS,CHPS,FANTEAKWA,4237.81,01/02/2025,16-May-2025,1,EHIAMANKYENE42378101022025
EJURA GOVERNMENT HOSPITAL,Hospital,EJURA SEKYED,232311.48,01/02/2025,16-May-2025,1,EJURA2323114801022025
EKORSO CHPS COMPOUND,CHPS,ATIWA,2184.85,01/02/2025,16-May-2025,1,EKORSO21848501022025
EKOSO CHPS COMPOUND,CHPS,WEST AKIM,2724.74,01/02/2025,16-May-2025,1,EKOSO27247401022025
EKRAWFO CHPS COMPOUND,CHPS,MFANTSIMAN,3085.82,01/02/2025,16-May-2025,1,EKRAWFO30858201022025
EKUKROM CHPS COMPOUND,CHPS,AJUMAKO ENYAN,1863.01,01/02/2025,16-May-2025,1,EKUKROM18630101022025
EKWAMKROM CHPS COMPOUND,CHPS,GOMOAMAN,11601.37,01/02/2025,16-May-2025,1,EKWAMKROM116013701022025
ENDWA CHPS COMPOUND,CHPS,ASSIN NORTH,2006.30,01/02/2025,16-May-2025,1,ENDWA20063001022025
ENYAN OBONTSER CHPS ZONE,CHPS,AJUMAKO ENYAN,4954.44,01/02/2025,16-May-2025,1,ENYAN49544301022025
ENYINABRIM CHPS (WASSA EAST),CHPS,MPOHOR WASSA EA,2509.25,01/02/2025,16-May-2025,1,ENYINABRIM25092501022025
ENYIRESI GOVERNMENT HOSPITAL,Hospital,ATIWA,236978.57,01/02/2025,16-May-2025,1,ENYIRESI2369785701022025
ESSAM CHPS (EASTERN),CHPS,BIRIM SOUTH,2923.59,01/02/2025,16-May-2025,1,ESSAM29235901022025
FOSUANSA CHPS COMPOUND,CHPS,ASIKUMA ODO BRA,1595.32,01/02/2025,16-May-2025,3,FOSUANSA15953201022025
FUMESUA GOVERNMENT MATERNITY HOME,Maternity Home,EJISU-JUABEN,5125.28,01/02/2025,16-May-2025,3,FUMESUA51252801022025
FUU CHPS COMPOUND,CHPS,EAST GONJA,5429.69,01/02/2025,16-May-2025,3,FUU54296901022025
GAA CHPS ZONE,CHPS,GUSHEGU,2805.28,01/02/2025,16-May-2025,3,GAA28052801022025
GAGBIRI CHPS COMPOUND,CHPS,UPPER EAST,4890.44,01/02/2025,16-May-2025,3,GAGBIRI48904301022025
GALILEA CHPS,CHPS,AFRAM PLAINS,1047.71,01/02/2025,16-May-2025,3,GALILEA10477101022025
GALO-SOTA HEALTH CENTRE,Health Centre,KETA,1902.62,01/02/2025,16-May-2025,3,GALO-SOTA19026201022025
GAMBRONGO CHPS COMPOUND,CHPS,BONGO,1544.57,01/02/2025,16-May-2025,3,GAMBRONGO15445701022025
GARIZEGU CHPS,CHPS,SAGNARIGU,4714.25,01/02/2025,16-May-2025,3,GARIZEGU47142501022025
GBAL CHPS,CHPS,SISSALA W,1650.25,01/02/2025,16-May-2025,3,GBAL16502501022025
GBALAHI CHPS,CHPS,SAGNARIGU MHIS,1720.31,01/02/2025,16-May-2025,3,GBALAHI17203101022025
GBAN KONI CHPS COMPUND,CHPS,BUNKPURUGU YUNY,483.20,01/02/2025,16-May-2025,3,GBAN4832001022025
GBANI CHPS,CHPS,TALENSI NAB,3748.55,01/02/2025,16-May-2025,3,GBANI37485501022025
GBEFI CHPS ZONE (KPANDO),CHPS,KPANDO,3097.84,01/02/2025,16-May-2025,3,GBEFI30978401022025
GBENFU CHPS COMPOUND,CHPS,BOLE,4821.69,01/02/2025,16-May-2025,3,GBENFU48216801022025
"GBRUMANI CHPS,TOLON",CHPS,TOLON/KUM,5396.63,01/02/2025,16-May-2025,3,GBRUMANI53966301022025
GBULLAHAGU CHPS,CHPS,TOLON/KUM,5024.01,01/02/2025,16-May-2025,3,GBULLAHAGU50240101022025
GBULLUNG HEALTH CENTRE,Health Centre,TOLON/KUMBUNGU,5694.37,01/02/2025,16-May-2025,3,GBULLUNG56943701022025
GEFIA HEALTH CENTRE,Health Centre,AKATSI,3243.95,01/02/2025,16-May-2025,3,GEFIA32439501022025
GENGENKPE HEALTH CENTRE,Health Centre,LAWRA,2990.37,01/02/2025,16-May-2025,3,GENGENKPE29903701022025
GEORGE KWAME QUANSAH HEALTH CENTER,Health Centre,WINNEBA,8192.89,01/02/2025,16-May-2025,4,GEORGE81928901022025
GHANA ADVENTIST HEALTH SERVICES-OBUASI,Health Centre,OBUASI,162872.42,01/02/2025,16-May-2025,4,GHANA1628724201022025
GLIDZI CHPS ZONE,CHPS,KETU,1527.33,01/02/2025,16-May-2025,4,GLIDZI15273301022025
GLITAME CHPS,CHPS,KETU,2852.93,01/02/2025,16-May-2025,4,GLITAME28529301022025
GNANI HEALTH CENTRE,Health Centre,YENDI,14306.58,01/02/2025,16-May-2025,4,GNANI143065801022025
GOH CHPS COMPOUND,CHPS,WA EAST,655.26,01/02/2025,16-May-2025,4,GOH6552601022025
GOJIASE CHPS COMPOUND,CHPS,SUHUM KRA C,1875.49,01/02/2025,16-May-2025,4,GOJIASE18754901022025
GOLD COAST CAMP CHPS COMPOUND,CHPS,ASSIN NORTH,3020.70,01/02/2025,16-May-2025,4,GOLD30207001022025
GOMOA ABOSO CHPS,CHPS,GOMOAMAN,5438.66,01/02/2025,16-May-2025,4,GOMOA54386601022025
GOMOA ASEBU CHPS COMPOUND,CHPS,GOMOAMAN,2836.20,01/02/2025,16-May-2025,4,GOMOA28362001022025
GOMOA DAHOM,Unknown,GOMOAMAN,308.73,01/02/2025,16-May-2025,4,GOMOA3087301022025
GOMOA FETTEH CHPS COMPOUND,CHPS,GOMOAMAN,3019.34,01/02/2025,16-May-2025,4,GOMOA30193401022025
GOMOA FOMENA CHPS COMPOUND,CHPS,GOMOAMAN,1391.57,01/02/2025,16-May-2025,4,GOMOA13915701022025
GOMOA KUMASI CHPS,CHPS,GOMOAMAN,362.56,01/02/2025,16-May-2025,4,GOMOA3625601022025
GOMOA KYIREN NKWANTA CHPS,CHPS,GOMOAMAN,1770.61,01/02/2025,16-May-2025,4,GOMOA17706101022025
GOMOA LOME CHPS,CHPS,GOMOAMAN,2734.24,01/02/2025,16-May-2025,4,GOMOA27342401022025
GOMOA POTSIN POLYCLINIC,Polyclinic,GOMOAMAN,30443.21,01/02/2025,16-May-2025,4,GOMOA304432101022025
GOMOA SAMPA CHPS ZONE,CHPS,GOMOAMAN,706.44,01/02/2025,16-May-2025,4,GOMOA7064401022025
GOMOA TARKWA CHPS ZONE,CHPS,GOMOAMAN,2802.60,01/02/2025,16-May-2025,4,GOMOA28026001022025
GONASUA HEALTH CENTRE,Health Centre,JAMAN S,31935.95,01/02/2025,16-May-2025,4,GONASUA319359501022025
GONOKROM CHPS COMPOUND,CHPS,DORMAA,692.06,01/02/2025,16-May-2025,5,GONOKROM6920601022025
GONU CHPS,CHPS,SOUTH TONGU,191.63,01/02/2025,16-May-2025,5,GONU1916301022025
GOWRIE CHPS,CHPS,BONGO,4323.78,01/02/2025,16-May-2025,5,GOWRIE43237801022025
GRUMISA CHPS ZONE,CHPS,WASSA AMENFI E,496.31,01/02/2025,16-May-2025,5,GRUMISA4963101022025
GUI CHPS COMPOUND,CHPS,AKATSI,930.53,01/02/2025,16-May-2025,5,GUI9305301022025
GULBI HEALTH CENTRE,Health Centre,EAST GONJA,10327.47,01/02/2025,16-May-2025,5,GULBI103274601022025
GUMANI CHPS,CHPS,SAGNARIGU MHIS,2545.80,01/02/2025,16-May-2025,5,GUMANI25458001022025
GUNDAA CHPS COMPOUND,CHPS,TOLON,1220.12,01/02/2025,16-May-2025,5,GUNDAA12201101022025
GUO CHPS COMPOUND,CHPS,LAWRA,423.19,01/02/2025,16-May-2025,5,GUO4231901022025
GWIRA BANSO HEALTH CENTRE,Health Centre,NZEMA EAST,3572.38,01/02/2025,16-May-2025,5,GWIRA35723801022025
GYABANKROM CHPS ZONE (ABURA ),CHPS,ABURA-ASEBU-K,3219.41,01/02/2025,16-May-2025,5,GYABANKROM32194101022025
GYADAM CHPS COMPOUND,CHPS,BIRIM SOUTH,3208.67,01/02/2025,16-May-2025,5,GYADAM32086701022025
GYAMPOKROM CHPS,CHPS,JUABOSO,470.65,01/02/2025,16-May-2025,5,GYAMPOKROM4706501022025
GYEMPREY CHPS COMPOUND,CHPS,NZEMA EAST,139.39,01/02/2025,16-May-2025,5,GYEMPREY1393801022025
GYIMAKYI/ANWIASO CHPS COMPOUND,CHPS,AMANSIE EAST,129.92,01/02/2025,16-May-2025,5,GYIMAKYI/ANWIASO1299101022025
Government Maternity,Maternity Home,WENCHI,3884.75,01/02/2025,16-May-2025,5,Government38847501022025
HANGALINE CHPS COMPOUND,CHPS,WEST GONJA,1778.93,01/02/2025,16-May-2025,5,HANGALINE17789301022025
HAVE CHPS COMPOUND,CHPS,ADAKLU-ANY,494.60,01/02/2025,16-May-2025,5,HAVE4946001022025
HOLUTA CHPS COMPOUND,CHPS,HO,1276.59,01/02/2025,16-May-2025,5,HOLUTA12765801022025
HON. SAMUEL OWUSU AGYEI HEALTH CENTER,Health Centre,EWUTU EFFUTU SE,4866.40,01/02/2025,16-May-2025,5,HON.48663901022025
HUNI-ANO CHPS,CHPS,WASSA-WEST,3169.62,01/02/2025,16-May-2025,6,HUNI-ANO31696201022025
HUNISO CHPS,CHPS,WASSA WEST,2916.35,01/02/2025,16-May-2025,6,HUNISO29163501022025
HWEEHWEE CLINIC,Clinic,OKWAWUMAN S,2262.59,01/02/2025,16-May-2025,6,HWEEHWEE22625901022025
HWIDIEM CHPS COMPOUND,CHPS,ADANSI SOUTH,757.43,01/02/2025,16-May-2025,6,HWIDIEM7574301022025
Ho Technical University,Unknown,HO,67798.13,01/02/2025,16-May-2025,6,Ho677981301022025
INFANT JESUS CATHOLIC CLINIC,Clinic,AWUTU,3543.36,01/02/2025,16-May-2025,6,INFANT35433601022025
INTERNATIONAL MARITIME HOSPITAL GHANA LIMITED,Hospital,TEMA,4133.93,01/02/2025,16-May-2025,6,INTERNATIONAL41339301022025
JACHIE CHPS COMPOUND,CHPS,TANO NORTH,1273.91,01/02/2025,16-May-2025,6,JACHIE12739101022025
JACHIE HEALTH CENTRE,Health Centre,BOSOMTWE-A_K,35015.41,01/02/2025,16-May-2025,6,JACHIE350154101022025
JAMAICA CHPS,CHPS,BIRIM SOUTH,2216.30,01/02/2025,16-May-2025,6,JAMAICA22163001022025
JAMASI NO.1 CHPS,CHPS,OKWAHUMAN W,2015.87,01/02/2025,16-May-2025,6,JAMASI20158701022025
JAMES TOWN CHPS,CHPS,KWAEBIBIREM,1657.40,01/02/2025,16-May-2025,6,JAMES16574001022025
JAMRA CHPS COMPOUND,CHPS,ASIKUMA ODO BRA,1762.72,01/02/2025,16-May-2025,6,JAMRA17627201022025
JANGA HOSPITAL,Hospital,W MAMPRUSI,110036.80,01/02/2025,16-May-2025,6,JANGA1100368001022025
JANTONG CHPS,CHPS,EAST GONJA,2981.82,01/02/2025,16-May-2025,6,JANTONG29818201022025
JAPA CHPS ZONE,CHPS,WASSA AMENFI E,449.35,01/02/2025,16-May-2025,6,JAPA4493501022025
JASIKAN DISTRICT HOSPITAL,Hospital,JASIKAN,200995.85,01/02/2025,16-May-2025,6,JASIKAN2009958501022025
JATO ZONGO CHPS COMPOUND,CHPS,ATEBUBU,4643.38,01/02/2025,16-May-2025,6,JATO46433801022025
JAWANI CHPS COMPOUND,CHPS,NORTHERN REGION,4912.24,01/02/2025,16-May-2025,6,JAWANI49122401022025
JAWIA CHPS COMPOUND,CHPS,SISSALA WEST MH,9237.67,01/02/2025,16-May-2025,6,JAWIA92376701022025
"JEDUAKO HEALTH CENTRE,",Health Centre,SEKYERE WEST,4785.57,01/02/2025,16-May-2025,7,JEDUAKO47855701022025
JETIASE CHPS COMPOUND,CHPS,SEKYERE WEST,2873.91,01/02/2025,16-May-2025,7,JETIASE28739101022025
JEYIRI CHPS COMPOUND,CHPS,WA EAST,1489.51,01/02/2025,16-May-2025,7,JEYIRI14895101022025
JIMLE HEALTH CENTRE,Health Centre,YENDI DIST HIS,3357.04,01/02/2025,16-May-2025,7,JIMLE33570401022025
JINIJINI HEALTH CENTRE,Health Centre,BEREKUM,48685.85,01/02/2025,16-May-2025,7,JINIJINI486858501022025
JOMORO-ENCHI CHPS COMPOUND,CHPS,AOWIN-SU,2489.94,01/02/2025,16-May-2025,7,JOMORO-ENCHI24899401022025
JONGA CHPS,CHPS,WA MUN,2135.98,01/02/2025,16-May-2025,7,JONGA21359801022025
JUABO CHPS COMPOUND,CHPS,AMENFIMAN,4260.03,01/02/2025,16-May-2025,7,JUABO42600301022025
JUASO DISTRICT HOSPITAL,Hospital,ASANTE AKIM S,211012.89,01/02/2025,16-May-2025,7,JUASO2110128901022025
JUKWA HEALTH CENTRE,Health Centre,TLD,18097.25,01/02/2025,16-May-2025,7,JUKWA180972501022025
K9 CHPS COMPOUND,CHPS,MPOHOR WASSA EA,93.82,01/02/2025,16-May-2025,7,K9938201022025
KABITI CHPS ZONE,CHPS,NKWANTA,1873.33,01/02/2025,16-May-2025,7,KABITI18733301022025
KABONWULE CHPS,CHPS,EAST GONJA,7969.94,01/02/2025,16-May-2025,7,KABONWULE79699401022025
KADE GUGGISBERG CHPS COMPOUND,CHPS,KWAEBIBIREM,604.75,01/02/2025,16-May-2025,7,KADE6047501022025
KADELSO CHPS COMPOUND,CHPS,KINTAMPO NORTH,10520.81,01/02/2025,16-May-2025,7,KADELSO105208101022025
KADEWASO CHPS COMPOUND,CHPS,ATIWA,2742.28,01/02/2025,16-May-2025,7,KADEWASO27422801022025
KAGBAL CHPS COMPOUND,CHPS,WEST GONJA,136.95,01/02/2025,16-May-2025,7,KAGBAL1369401022025
KAJAI CHPS COMPOUND,CHPS,PRU,559.55,01/02/2025,16-May-2025,7,KAJAI5595401022025
KAJELO CHPS COMPOUND,CHPS,KASENA-NAN,4138.61,01/02/2025,16-May-2025,7,KAJELO41386001022025
KALEO HEALTH CENTRE,Health Centre,NADOWLI,3993.46,01/02/2025,16-May-2025,7,KALEO39934601022025
KAMA CHPS COMPOUND,CHPS,PRU,4365.13,01/02/2025,16-May-2025,8,KAMA43651301022025
KAMAHEGU CHPS COMPOUND,CHPS,NADOWLI,608.56,01/02/2025,16-May-2025,8,KAMAHEGU6085501022025
KAMAMPA CHPS,CHPS,PRU,3103.21,01/02/2025,16-May-2025,8,KAMAMPA31032101022025
KAMBATIAK CHPS,CHPS,BUNKPURUGU-Y,3801.87,01/02/2025,16-May-2025,8,KAMBATIAK38018701022025
KANANIA CHPS COMPOUND,CHPS,KASENA-NAN,1881.43,01/02/2025,16-May-2025,8,KANANIA18814301022025
KANCHIABO CHPS,CHPS,SEFWI JUABOSO,675.81,01/02/2025,16-May-2025,8,KANCHIABO6758101022025
KANKANDUALE CHPS,CHPS,SISSALA WEST MH,1574.69,01/02/2025,16-May-2025,8,KANKANDUALE15746901022025
KARLO HEALTH CENTRE,Health Centre,AOWIN-SU,1929.18,01/02/2025,16-May-2025,8,KARLO19291801022025
KASSENA NANKANA EAST HEALTH CENTRE,Health Centre,KASENA-NANKANA,29253.84,01/02/2025,16-May-2025,8,KASSENA292538401022025
KASU CHPS COMPOUND,CHPS,KETU NORTH,3831.54,01/02/2025,16-May-2025,8,KASU38315401022025
KATANGA CHPS COMPOUND,CHPS,BOLGA,1410.99,01/02/2025,16-May-2025,8,KATANGA14109901022025
KAYIREKU CHPS COMPOUND,CHPS,TWI HEM LO DEN,1866.83,01/02/2025,16-May-2025,8,KAYIREKU18668301022025
KAYORO-WURU CHPS,CHPS,KASENA-NAN,2440.01,01/02/2025,16-May-2025,8,KAYORO-WURU24400101022025
KENGEN CHPS,CHPS,JOMORO MHIS,886.30,01/02/2025,16-May-2025,8,KENGEN8863001022025
KENSERE CHPS,CHPS,AMANSIE EAST,1800.56,01/02/2025,16-May-2025,8,KENSERE18005601022025
KENTINKRONO CHPS COMPOUND,CHPS,ASAWASE,419.69,01/02/2025,16-May-2025,8,KENTINKRONO4196901022025
KEYIME CHPS COMPOUND,CHPS,ADAKLU-ANYIGBE,2749.08,01/02/2025,16-May-2025,8,KEYIME27490801022025
KINKANGO CHPS COMPOUND,CHPS,BUNKPRUGU,2381.91,01/02/2025,16-May-2025,8,KINKANGO23819101022025
KLENORMADI CHPS COMPOUND,CHPS,KETU NORTH,2690.52,01/02/2025,16-May-2025,8,KLENORMADI26905201022025
KMA CLINIC,Clinic,SUBIN,19736.07,01/02/2025,16-May-2025,8,KMA197360701022025
KO HEALTH CENTRE (NATIVITY OF OUR LADY CLINIC),Clinic,LAWRA,14036.34,01/02/2025,16-May-2025,9,KO140363401022025
KOBINA ANSAH CHPS,CHPS,MFANTSEMAN,261.18,01/02/2025,16-May-2025,9,KOBINA2611801022025
KODIABE CHPS COMPOUND,CHPS,ADAKLU-ANY,1097.28,01/02/2025,16-May-2025,9,KODIABE10972801022025
KOFI NIMO CHPS ZONE,CHPS,BIRIM NORTH,1820.94,01/02/2025,16-May-2025,9,KOFI18209401022025
KOFIHWIKROM CHPS,CHPS,AMANSIE CENT,5353.65,01/02/2025,16-May-2025,9,KOFIHWIKROM53536501022025
KOFIKOPE CHPS COMPOUND,CHPS,DANGME W,4278.33,01/02/2025,16-May-2025,9,KOFIKOPE42783301022025
KOFISAH CHPS COMPOUND,CHPS,AKUAPEM S,6926.71,01/02/2025,16-May-2025,9,KOFISAH69267101022025
KOGNI HEALTH CENTRE,Health Centre,SAGNARIGU MHIS,4230.77,01/02/2025,16-May-2025,9,KOGNI42307701022025
KOGRI CHPS,CHPS,JIRAPA-LAMB MHI,1728.80,01/02/2025,16-May-2025,9,KOGRI17288001022025
KOHUO CHPS,CHPS,JIRAPA-LAMB MHI,1019.64,01/02/2025,16-May-2025,9,KOHUO10196401022025
KOJOKROM CHPS COMPOUND,CHPS,SEFWI AKON,1374.56,01/02/2025,16-May-2025,9,KOJOKROM13745601022025
KOJOKROM CHPS COMPOUND,CHPS,SEFWI AKON,2093.91,01/02/2025,16-May-2025,9,KOJOKROM20939101022025
KOKOA HEALTH CENTER,Health Centre,JAMAN NORTH HIS,44431.42,01/02/2025,16-May-2025,9,KOKOA444314201022025
KOKOASE CHPS,CHPS,AMENFIMAN,716.54,01/02/2025,16-May-2025,9,KOKOASE7165401022025
KOKOBEN CHPS COMPOUND,CHPS,ASANTE AKIM SOU,806.09,01/02/2025,16-May-2025,9,KOKOBEN8060901022025
KOKOBENG CHPS COMPOUND,CHPS,BIRIM SOUTH,5742.17,01/02/2025,16-May-2025,9,KOKOBENG57421701022025
KOKOFU GENERAL HOSPITAL,Hospital,AMANSIE EAST,150307.15,01/02/2025,16-May-2025,9,KOKOFU1503071501022025
KOKOMPE HEALTH CENTRE,Health Centre,SEKONDI SUB-MET,5571.88,01/02/2025,16-May-2025,9,KOKOMPE55718801022025
KOKOSO CHPS COMPOUND,CHPS,AOB,980.12,01/02/2025,16-May-2025,9,KOKOSO9801201022025
KOKROBITE HEALTH CENTRE,Health Centre,WEIJA,10882.63,01/02/2025,16-May-2025,9,KOKROBITE108826301022025
KOKROBUTA CHPS,CHPS,AFRAM PLAINS,607.49,01/02/2025,16-May-2025,10,KOKROBUTA6074901022025
KOKUMA CHPS COMPOUND,CHPS,KINTAMPO S,3724.83,01/02/2025,16-May-2025,10,KOKUMA37248301022025
KOM PRESBYTERIAN CLINIC,Clinic,AKUAPEM S,39313.46,01/02/2025,16-May-2025,10,KOM393134601022025
KOMFOURKROM CHPS COMPOUND,CHPS,Pru,8326.39,01/02/2025,16-May-2025,10,KOMFOURKROM83263901022025
KOMFUEKU,Unknown,SHAMA,4371.68,01/02/2025,16-May-2025,10,KOMFUEKU43716801022025
KONGO-LOGRE ( MARY IMMACULATE HEALTH CENTRE,Health Centre,UPPER EAST,21058.53,01/02/2025,16-May-2025,10,KONGO-LOGRE210585301022025
KONKO CHPS,CHPS,AKUAPEM NORTH,1801.65,01/02/2025,16-May-2025,10,KONKO18016501022025
KONKONURU CHPS COMPOUND- AKUAPEM SOUTH,CHPS,AKUAPEM S,13157.16,01/02/2025,16-May-2025,10,KONKONURU131571601022025
KORADO CHPS COMPOUND,CHPS,ABURA-ASEBU-K,1809.83,01/02/2025,16-May-2025,10,KORADO18098301022025
KORANSANG CHPS COMPOUND,CHPS,SUHUM KRA C,2962.52,01/02/2025,16-May-2025,10,KORANSANG29625201022025
KORANTENG CHPS CENTRE,CHPS,AFRAM PLAINS,647.23,01/02/2025,16-May-2025,10,KORANTENG6472301022025
KORASE CHPS COMPOUND,CHPS,EJISU JUABEN,758.06,01/02/2025,16-May-2025,10,KORASE7580601022025
KORASO CLINIC,Clinic,BEREKUM,45832.59,01/02/2025,16-May-2025,10,KORASO458325901022025
KORTSRALA CHPS COMPOUND,CHPS,ADAKLU ANYIGBE,1214.30,01/02/2025,16-May-2025,10,KORTSRALA12143001022025
KOTITO CHPS (WEST GONJA),CHPS,WEST GONJA,372.08,01/02/2025,16-May-2025,10,KOTITO3720801022025
KOTOKU HEALTH CENTRE,Health Centre,GA,36532.83,01/02/2025,16-May-2025,10,KOTOKU365328301022025
KPALA CHPS COMPOUND,CHPS,AFRAM PLAINS,614.74,01/02/2025,16-May-2025,10,KPALA6147401022025
KPALBA HEALTH CENTRE,Health Centre,SABOBA / CHIREP,2460.80,01/02/2025,16-May-2025,10,KPALBA24608001022025
KPALSONADO CHPS COMPOUND,CHPS,YENDI,672.44,01/02/2025,16-May-2025,10,KPALSONADO6724401022025
KPANDO HEALTH CENTRE,Health Centre,KPANDO,34159.48,01/02/2025,16-May-2025,10,KPANDO341594801022025
KPANDO MARKET CHPS COMPOUND,CHPS,KPANDO,297.65,01/02/2025,16-May-2025,11,KPANDO2976401022025
KPATCHU CHPS,CHPS,KRACHI WEST,1872.25,01/02/2025,16-May-2025,11,KPATCHU18722501022025
KPATINGA HEALTH CENTRE,Health Centre,GUSHEGU,15588.15,01/02/2025,16-May-2025,11,KPATINGA155881501022025
KPIKPIRA HEALTH CENTRE,Health Centre,GARU,8289.56,01/02/2025,16-May-2025,11,KPIKPIRA82895601022025
KPINJING CHPS,CHPS,SAGNARIGU,1961.90,01/02/2025,16-May-2025,11,KPINJING19619001022025
KPONGU CHPS,CHPS,WA MUN,6720.24,01/02/2025,16-May-2025,11,KPONGU67202401022025
KPONGUNOR CHPS COMPOUND,CHPS,MANYA KROBO,1350.74,01/02/2025,16-May-2025,11,KPONGUNOR13507401022025
KRABOKESE CHPS,CHPS,SUHUM KRABOA CO,5385.13,01/02/2025,16-May-2025,11,KRABOKESE53851301022025
KRABONSO CHPS COMPOUND,CHPS,KINTAMPO S,4469.77,01/02/2025,16-May-2025,11,KRABONSO44697701022025
KROMAIM CHPS,CHPS,AJUMAKO ENYAN,2885.11,01/02/2025,16-May-2025,11,KROMAIM28851101022025
KUBEASE MEGA CHPS COMPOUND(ABROKWAH),CHPS,KWAEBIBIREM,2910.65,01/02/2025,16-May-2025,11,KUBEASE29106501022025
KUBORI HEALTH CENTRE,Health Centre,WEST MAMPRUSI,36485.63,01/02/2025,16-May-2025,11,KUBORI364856201022025
KUDZRA HEALTH CENTRE ( KPANDO),Health Centre,KPANDO,2731.55,01/02/2025,16-May-2025,11,KUDZRA27315501022025
KUGASHIEGU CHPS CENTRE,CHPS,GARU,766.34,01/02/2025,16-May-2025,11,KUGASHIEGU7663401022025
KUKA CHPS,CHPS,BAWKU MUN,3661.12,01/02/2025,16-May-2025,11,KUKA36611201022025
KULAA CHPS,CHPS,SAGNARIGU,1598.75,01/02/2025,16-May-2025,11,KULAA15987501022025
KULKARNE CHPS ZONE,CHPS,JIRAPA-LAMB,896.86,01/02/2025,16-May-2025,11,KULKARNE8968601022025
KULPIENI CHPS,CHPS,NADOWLI,276.62,01/02/2025,16-May-2025,11,KULPIENI2766201022025
KUMBOSCO CHPS,CHPS,BOLGA MHIS,2929.11,01/02/2025,16-May-2025,11,KUMBOSCO29291101022025
KUMFIA CHPS,CHPS,ATEBUBU,3005.93,01/02/2025,16-May-2025,11,KUMFIA30059301022025
KUNDANALI CHPS ZONE,CHPS,SAVELUGU / NANT,3274.18,01/02/2025,16-May-2025,12,KUNDANALI32741801022025
KUNKUA CHPS COMPOUND,CHPS,BOLGA,1160.09,01/02/2025,16-May-2025,12,KUNKUA11600801022025
KUNSU CAMP CHPS COMPOUND,CHPS,AHAFO,1840.33,01/02/2025,16-May-2025,12,KUNSU18403301022025
KUNSU DOTIEM CHPS COMPOUND,CHPS,AHAFO ANO S,2483.72,01/02/2025,16-May-2025,12,KUNSU24837101022025
KUNSU RURAL CLINIC,Clinic,KINTAMPO N,11126.19,01/02/2025,16-May-2025,12,KUNSU111261901022025
KUSI CHPS,CHPS,KWAEBIBIREM,4557.21,01/02/2025,16-May-2025,12,KUSI45572101022025
KUTE HEALTH CENTRE,Health Centre,JASIKAN,1112.13,01/02/2025,16-May-2025,12,KUTE11121301022025
KUZIE CHPS COMPOUND,CHPS,WA WEST,1266.31,01/02/2025,16-May-2025,12,KUZIE12663101022025
KWABENG CHPS,CHPS,AMENFIMAN,3314.65,01/02/2025,16-May-2025,12,KWABENG33146501022025
KWABOANTA CHPS,CHPS,SUHUM KRA C,1763.72,01/02/2025,16-May-2025,12,KWABOANTA17637201022025
KWAE CHPS,CHPS,KWAEBIBIREM,7613.53,01/02/2025,16-May-2025,12,KWAE76135301022025
KWAEKESE CHPS CENTRE,CHPS,AFRAM PLAINS,862.77,01/02/2025,16-May-2025,12,KWAEKESE8627701022025
KWAFUKAA CHPS,CHPS,SEFWI JUABOSO,1576.72,01/02/2025,16-May-2025,12,KWAFUKAA15767201022025
KWAHU AMANFROM CHPS COMPOUND,CHPS,OKWAWUMAN S,2919.07,01/02/2025,16-May-2025,12,KWAHU29190701022025
KWAMANG CHPS,CHPS,KWAEBIBIREM,4126.66,01/02/2025,16-May-2025,12,KWAMANG41266601022025
KWAMEKROM NEWTOWN CHPS COMPOUND,CHPS,JASIKAN,347.99,01/02/2025,16-May-2025,12,KWAMEKROM3479901022025
KWANWOMA HEALTH CENTRE,Health Centre,BOSOMTWE-A_K,26092.96,01/02/2025,16-May-2025,12,KWANWOMA260929601022025
KWAPROW CHPS COMPOUND,CHPS,Oguaman,4910.77,01/02/2025,16-May-2025,12,KWAPROW49107701022025
KWASIKROM HEALTH CENTRE(BODI),Health Centre,JUABOSO,2905.09,01/02/2025,16-May-2025,12,KWASIKROM29050901022025
KWASU CHPS COMPOUND,CHPS,TANO SOUTH,1862.80,01/02/2025,16-May-2025,12,KWASU18628001022025
KWESITWIKROM CHPS COMPOUND,CHPS,AGONA,397.98,01/02/2025,16-May-2025,13,KWESITWIKROM3979801022025
KYEAKOR CHPS,CHPS,MFANTSIMAN,581.02,01/02/2025,16-May-2025,13,KYEAKOR5810201022025
KYEKYEWERE CHPS COMPOUND,CHPS,ASANTE AKIM NOR,566.46,01/02/2025,16-May-2025,13,KYEKYEWERE5664601022025
KYEKYEWERE HEALTH CENTRE A/R,Health Centre,KWABRE,24213.35,01/02/2025,16-May-2025,13,KYEKYEWERE242133501022025
KYENKYENASE CHPS COMPOUND,CHPS,DORMAA EAST,5947.95,01/02/2025,16-May-2025,13,KYENKYENASE59479501022025
KYENKYENKU CHPS,CHPS,BIRIM NORTH,1530.02,01/02/2025,16-May-2025,13,KYENKYENKU15300201022025
LA GENERAL HOSPITAL,Hospital,LA,30741.03,01/02/2025,16-May-2025,13,LA307410301022025
LANJA HEALTH CENTRE,Health Centre,NANUMBA N,5540.10,01/02/2025,16-May-2025,13,LANJA55401001022025
LARBIKROM CHPS,CHPS,KWAEBIBIREM,4477.79,01/02/2025,16-May-2025,13,LARBIKROM44777901022025
LAWRA RCH,Unknown,LAWRA,4369.39,01/02/2025,16-May-2025,13,LAWRA43693901022025
LIATI SOBA CHPS COMPOUND,CHPS,HOHOE,3314.64,01/02/2025,16-May-2025,13,LIATI33146401022025
LIKPE AGBOZUME CHPS ZONE,CHPS,HOHOE,1239.62,01/02/2025,16-May-2025,13,LIKPE12396101022025
LIKPE MATE CHPS,CHPS,HOHOE,2958.80,01/02/2025,16-May-2025,13,LIKPE29588001022025
LIKPE-KUKRANTUM1,Unknown,HOHOE,1896.49,01/02/2025,16-May-2025,13,LIKPE-KUKRANTUM118964901022025
LINGBUNG CHPS COMPOUND,CHPS,TOLON/KUMBUNGU,3617.51,01/02/2025,16-May-2025,13,LINGBUNG36175101022025
LIVE CHPS COMPOUND,CHPS,AKATSI,3106.06,01/02/2025,16-May-2025,13,LIVE31060601022025
LOLOBI KUMASI HEALTH CENTRE,Health Centre,HOHOE,5773.00,01/02/2025,16-May-2025,13,LOLOBI57730001022025
LOTAKOR CHPS ZONE,CHPS,KETU,1992.31,01/02/2025,16-May-2025,13,LOTAKOR19923101022025
LOWER DIXCOVE CHPS COMPOUND,CHPS,AHANTAMAN,416.39,01/02/2025,16-May-2025,13,LOWER4163901022025
LYSSAH CHPS COMPOUND,CHPS,LAWRA,2731.70,01/02/2025,16-May-2025,13,LYSSAH27317001022025
MADINA POLYCLINIC (Rawlings Circle),Polyclinic,MADINA,35949.53,01/02/2025,16-May-2025,14,MADINA359495301022025
MADINA POLYCLINIC - KEKELE,Polyclinic,MADINA,58238.06,01/02/2025,16-May-2025,14,MADINA582380601022025
MAFI-KUMASE HEALTH CENTRE,Health Centre,NORTH TONGU,25396.84,01/02/2025,16-May-2025,14,MAFI-KUMASE253968401022025
MALLAM ATTA GOVERNMENT CLINIC,Clinic,AYAWASO,6229.59,01/02/2025,16-May-2025,14,MALLAM62295901022025
MALZERI CHPS COMPOUND,CHPS,YENDI,3995.80,01/02/2025,16-May-2025,14,MALZERI39958001022025
MAMPONG CHPS COMPOUND (WESTERN),CHPS,MPOHOR WASSA EA,531.34,01/02/2025,16-May-2025,14,MAMPONG5313401022025
MAMPONG HEALTH CENTER,Health Centre,EAST AKIM,4386.02,01/02/2025,16-May-2025,14,MAMPONG43860201022025
MAMPONG URBAN CHPS,CHPS,AKUAPEM NORTH,3131.66,01/02/2025,16-May-2025,14,MAMPONG31316601022025
MANCHALLA CHPS,CHPS,KINTAMPO N,1730.02,01/02/2025,16-May-2025,14,MANCHALLA17300201022025
MANCHRE CHPS COMPOUND,CHPS,AFRAM PLAINS,1657.66,01/02/2025,16-May-2025,14,MANCHRE16576601022025
MANFO HEALTH CENTRE,Health Centre,AHAFO ANO N,63444.12,01/02/2025,16-May-2025,14,MANFO634441201022025
MANGA CHPS,CHPS,BAWKU MUNICIPAL,1291.96,01/02/2025,16-May-2025,14,MANGA12919601022025
MANGOASE CHPS,CHPS,ASUOGYAMAN,1701.98,01/02/2025,16-May-2025,14,MANGOASE17019801022025
MANGU CHPS,CHPS,WA MUN,1862.35,01/02/2025,16-May-2025,14,MANGU18623501022025
MANKESSIM MARKET CHPS COMPOUND,CHPS,MFANTSIMAN,4740.19,01/02/2025,16-May-2025,14,MANKESSIM47401801022025
MANKRANSO GOVERNMENT HOSPITAL,Hospital,AHAFO ANO S,121995.79,01/02/2025,16-May-2025,14,MANKRANSO1219957901022025
MANKRONG CHPS COMPOUND,CHPS,SUHUM KRA C,612.57,01/02/2025,16-May-2025,14,MANKRONG6125701022025
MANNA MISSION HOSPITAL,Hospital,KPESHIE,105977.38,01/02/2025,16-May-2025,14,MANNA1059773801022025
MANSO ANKAM CHPS,CHPS,Amansie West,1970.25,01/02/2025,16-May-2025,14,MANSO19702501022025
MANSOFO CHPS,CHPS,AGONA,907.49,01/02/2025,16-May-2025,14,MANSOFO9074901022025
MANTE CHPS,CHPS,ASIKUMA ODO BRA,1714.74,01/02/2025,16-May-2025,15,MANTE17147401022025
MANYINI CHPS,CHPS,YENDI,1890.04,01/02/2025,16-May-2025,15,MANYINI18900401022025
MARKET CHPS COMPOUND,CHPS,TECHIMAN,6057.39,01/02/2025,16-May-2025,15,MARKET60573901022025
"MARTYRS OF UGANDA HEALTH CENTRE, SIRIGU",Health Centre,KASENA-NANKANA,53008.68,01/02/2025,16-May-2025,15,MARTYRS530086801022025
MAYERA FAASE HEALTH CENTRE,Health Centre,GA,18785.90,01/02/2025,16-May-2025,15,MAYERA187859001022025
MBANAAYILI HEALTH CENTRE,Health Centre,TOLON/KUMBUNGU,10088.42,01/02/2025,16-May-2025,15,MBANAAYILI100884201022025
MEDICAL VILLAGE HEALTH CENTRE,Health Centre,NEW JUABEN,6996.92,01/02/2025,16-May-2025,15,MEDICAL69969201022025
MEHAME CHPS COMPOUND,CHPS,ASUTIFI,3774.47,01/02/2025,16-May-2025,15,MEHAME37744701022025
MENSONSO CHPS,CHPS,ADANSI SOUTH,566.32,01/02/2025,16-May-2025,15,MENSONSO5663201022025
MERAKROM CHPS COMPOUND,CHPS,AMENFIMAN,239.06,01/02/2025,16-May-2025,15,MERAKROM2390601022025
"METHODIST MEDICAL CENTRE, TAKORADI",Medical Centre,TAKORADI MHIS,21864.33,01/02/2025,16-May-2025,15,METHODIST218643301022025
METHOR BUO CHPS COMPOUND,CHPS,LAWRA,1936.02,01/02/2025,16-May-2025,15,METHOR19360201022025
MFUOM CHPS COMPOUND,CHPS,TWI HEM LO DEN,1697.51,01/02/2025,16-May-2025,15,MFUOM16975101022025
MIM HEALTH CENTRE,Health Centre,ASUNAFO N,41366.36,01/02/2025,16-May-2025,15,MIM413663601022025
MMOFRA NFA ADWEN CHPS,CHPS,AMENFIMAN,183.25,01/02/2025,16-May-2025,15,MMOFRA1832501022025
MOFFRAM CHPS,CHPS,BIRIM SOUTH,1650.29,01/02/2025,16-May-2025,15,MOFFRAM16502901022025
MOSEASO CHPS COMPOUND (AMENFI EAST),CHPS,AMENFIMAN MHIS,540.50,01/02/2025,16-May-2025,15,MOSEASO5405001022025
MOSEASO CHPS(ATIWA),CHPS,ATIWA DHIS,1984.41,01/02/2025,16-May-2025,15,MOSEASO19844101022025
MPANYINASA CHPS COMPOUND,CHPS,AHANTA WEST,331.42,01/02/2025,16-May-2025,15,MPANYINASA3314201022025
MPATUOM CHPS COMPOUND,CHPS,MPATUOM CHPS CO,3858.36,01/02/2025,16-May-2025,15,MPATUOM38583601022025
MPESEDUADZE CHPS ZONE,CHPS,ABURA-ASEBU-K,1964.83,01/02/2025,16-May-2025,16,MPESEDUADZE19648301022025
MPOHOR HEALTH CENTRE,Health Centre,MPOHOR WASS E,28980.24,01/02/2025,16-May-2025,16,MPOHOR289802401022025
MPRIM CHPS COMPOUND,CHPS,SEKYERE WEST,1951.32,01/02/2025,16-May-2025,16,MPRIM19513201022025
MPRUMEM CHPS COMPOUND,CHPS,GOMOAMAN,1355.29,01/02/2025,16-May-2025,16,MPRUMEM13552901022025
MUNICIPAL HOSPITAL GOASO,Hospital,ASUNAFO N,258800.98,01/02/2025,16-May-2025,16,MUNICIPAL2588009801022025
MURAMURA CHPS COMPOUND,CHPS,ASANTE AKIM S,4895.84,01/02/2025,16-May-2025,16,MURAMURA48958401022025
MUSUNKWA CHPS COMPOUND,CHPS,ABURA-ASEBU-K,1488.09,01/02/2025,16-May-2025,16,MUSUNKWA14880901022025
NAAGA CHPS COMPOUND,CHPS,KASENA-NANKANA,3525.29,01/02/2025,16-May-2025,16,NAAGA35252901022025
NAAPAAL CHPS,CHPS,LAWRA,1731.66,01/02/2025,16-May-2025,16,NAAPAAL17316601022025
NABAALA CHPS,CHPS,JIRAPA-LAMB,1711.73,01/02/2025,16-May-2025,16,NABAALA17117301022025
NAGDIGU CHPS COMPOUND,CHPS,SAVELUGU / NANT,2020.92,01/02/2025,16-May-2025,16,NAGDIGU20209201022025
AMOABIN CHPS ZONE,CHPS,ASSIN SOUTH,1955.20,01/03/2025,16-May-2025,16,AMOABIN19552001032025
AMOAKOKROM CHPS,CHPS,AMENFIMAN,1748.00,01/03/2025,16-May-2025,16,AMOAKOKROM17480001032025
AMOANDA CHPS COMPOUND,CHPS,ASIKUMA ODO BRA,5543.32,01/03/2025,16-May-2025,16,AMOANDA55433201032025
AMOTARE CHPS COMPOUND,CHPS,FANTEAKWA,674.29,01/03/2025,16-May-2025,16,AMOTARE6742901032025
AMPABENA CHPS COMPOUND,CHPS,UPPER DENKYIRA,232.81,01/03/2025,16-May-2025,16,AMPABENA2328101032025
AMPENKROM CHPS COMPOUND,CHPS,BIBIANI-ANHWIAS,1822.86,01/03/2025,16-May-2025,16,AMPENKROM18228601032025
AMRAHIA HEALTH CENTRE,Health Centre,ADENTA,3581.70,01/03/2025,16-May-2025,16,AMRAHIA35817001032025
AMUEKU CHPS,CHPS,AMENFIMAN,739.05,01/03/2025,16-May-2025,16,AMUEKU7390501032025
ANATEEM CHPS COMPOUND,CHPS,BOLGA,2734.14,01/03/2025,16-May-2025,16,ANATEEM27341401032025
ANDO CHILDREN'S CLINIC,Clinic,OGUAMAN,5027.96,01/03/2025,16-May-2025,17,ANDO50279601032025
ANFOE CHPS COMPOUND,CHPS,ADAKLU-ANYIGBE,1861.98,01/03/2025,16-May-2025,17,ANFOE18619801032025
ANFOETA ZONGO CHPS COMPOUND,CHPS,HO,3642.29,01/03/2025,16-May-2025,17,ANFOETA36422901032025
ANHWIAM CHPS(SEFWI WIAWSO),CHPS,SEFWI WIAWSO DM,2798.22,01/03/2025,16-May-2025,17,ANHWIAM27982201032025
ANKAAKO CHPS COMPOUND,CHPS,TWIFU HEMANG LO,1659.73,01/03/2025,16-May-2025,17,ANKAAKO16597301032025
ANSAFUL CHPS COMPOUND,CHPS,AWUTU-EFF-SEN,5550.72,01/03/2025,16-May-2025,17,ANSAFUL55507201032025
ANTO CHPS COMPOUND,CHPS,MPOHOR WASSA EA,3369.20,01/03/2025,16-May-2025,17,ANTO33692001032025
ANTOBIA CHPS COMPOUND,CHPS,JUABOSO,2272.25,01/03/2025,16-May-2025,17,ANTOBIA22722501032025
ANYINAM CHPS(BIRIM SOUTH),CHPS,BIRIM SOUTH,4899.23,01/03/2025,16-May-2025,17,ANYINAM48992201032025
ANYINASIN CHPS COMPOUND,CHPS,EAST AKIM,3114.99,01/03/2025,16-May-2025,17,ANYINASIN31149901032025
ANYINASU CHPS COMPOUND,CHPS,AJUMAKO ENYAN,1799.89,01/03/2025,16-May-2025,17,ANYINASU17998901032025
APAPAM CHPS COMPOUND,CHPS,EAST AKIM,4887.50,01/03/2025,16-May-2025,17,APAPAM48875001032025
APATRAPA HEALTH CENTRE,Health Centre,BANTAMA,24984.97,01/03/2025,16-May-2025,17,APATRAPA249849701032025
APESIKA RURAL CLINIC,Clinic,KINTAMPO S,24257.50,01/03/2025,16-May-2025,17,APESIKA242575001032025
APEWOSIKA CHPS COMPOUND (NZEMA EAST),CHPS,NZEMA EAST,3679.06,01/03/2025,16-May-2025,17,APEWOSIKA36790601032025
APIA GUMONGO CHPS,CHPS,KASENA-NANKANA,684.29,01/03/2025,16-May-2025,17,APIA6842901032025
APIMENYIM-BANSO CHPS COMPOUND,CHPS,AHANTAMAN,509.86,01/03/2025,16-May-2025,17,APIMENYIM-BANSO5098601032025
APIREDE CHPS COMPOUND,CHPS,AKUAPEM N,3202.22,01/03/2025,16-May-2025,17,APIREDE32022201032025
APOTOYOWA CHPS COMPOUND,CHPS,ASUTIFI,5334.49,01/03/2025,16-May-2025,17,APOTOYOWA53344901032025
APOWA HEALTH CENTRE,Health Centre,AHANTAMAN,23927.63,01/03/2025,16-May-2025,17,APOWA239276301032025
APPIAH NKWANTA CHPS ZONE,CHPS,WASSA AMENFI E,368.49,01/03/2025,16-May-2025,18,APPIAH3684901032025
ARIGU CHPS COMPOUND,CHPS,WEST MAMPRUSI,2252.55,01/03/2025,16-May-2025,18,ARIGU22525501032025
ASANKRAN BREMAN CHPS,CHPS,AMENFIMAN,5148.53,01/03/2025,16-May-2025,18,ASANKRAN51485301032025
ASANKRANGWA CHPS,CHPS,AMENFIMAN,4424.60,01/03/2025,16-May-2025,18,ASANKRANGWA44246001032025
ASANTEMANG CHPS,CHPS,BIRIM SOUTH,4869.74,01/03/2025,16-May-2025,18,ASANTEMANG48697401032025
ASAREKWA CHPS COMPOUND,CHPS,ASIKUMA ODOBEN,299.61,01/03/2025,16-May-2025,18,ASAREKWA2996101032025
ASAWINSO CHPS COMPOUND,CHPS,BIBIANI-AN BE,3777.93,01/03/2025,16-May-2025,18,ASAWINSO37779301032025
ASEMPANAYE CHPS COMPOUND,CHPS,BIBIANI-ANHWIAS,6131.69,01/03/2025,16-May-2025,18,ASEMPANAYE61316901032025
ASEMPANEYE CHPS,CHPS,JUABOSO,2349.92,01/03/2025,16-May-2025,18,ASEMPANEYE23499201032025
ASEREWADI CHPS ZONE,CHPS,WASSA AMENFI E,768.63,01/03/2025,16-May-2025,18,ASEREWADI7686301032025
ASESEWA RCH,Unknown,MANYA KROBO,5678.27,01/03/2025,16-May-2025,18,ASESEWA56782701032025
ASHIAM CHPS COMPOUND,CHPS,BIBIANI-AN BE,4909.77,01/03/2025,16-May-2025,18,ASHIAM49097701032025
ASOLOGO CHPS COMPOUND,CHPS,BONGO,125.75,01/03/2025,16-May-2025,18,ASOLOGO1257501032025
ASONKWAA CHPS,CHPS,NKORANZA,5284.82,01/03/2025,16-May-2025,18,ASONKWAA52848201032025
ASSASE CHPS ZONE,CHPS,UPPER DENKYIRA,2780.25,01/03/2025,16-May-2025,18,ASSASE27802501032025
ASSE CHPS,CHPS,WA WEST,2986.64,01/03/2025,16-May-2025,18,ASSE29866401032025
ASSIN ACHIASE CHPSÂ  COMPOUND,CHPS,ASSIN SOUTH,3006.28,01/03/2025,16-May-2025,18,ASSIN30062801032025
ASSIN AKROFUOM CHPS COMPOUND,CHPS,ASIKUMA ODOBEN,1606.05,01/03/2025,16-May-2025,18,ASSIN16060501032025
ASSIN BOSOMADWE CHPS COMPOUND,CHPS,ASSIN SOUTH,2929.89,01/03/2025,16-May-2025,18,ASSIN29298901032025
ASSIN DANSAME CHPS COMPOUND,CHPS,ASSIN NORTH,3918.29,01/03/2025,16-May-2025,18,ASSIN39182901032025
ASSIN JUABEN CHPS COMPOUND,CHPS,ASSIN SOUTH,2689.55,01/03/2025,16-May-2025,19,ASSIN26895501032025
ASSIN KUMASI CHPS COMPOUND,CHPS,ASSIN SOUTH,1618.34,01/03/2025,16-May-2025,19,ASSIN16183401032025
ASSIN MESOMAGOR CHPS COMPOUND,CHPS,ASSIN SOUTH,733.86,01/03/2025,16-May-2025,19,ASSIN7338601032025
ASSIN NGRESI HEALTH CENTRE,Health Centre,ASSIN SOUTH,5000.34,01/03/2025,16-May-2025,19,ASSIN50003401032025
ASSIN NYANKOMASI CHPS COMPOUND,CHPS,ASSIN NORTH,5069.40,01/03/2025,16-May-2025,19,ASSIN50693901032025
ASSUAWAH CHPS COMPOUND,CHPS,NZEMA EAST,2099.86,01/03/2025,16-May-2025,19,ASSUAWAH20998601032025
ASUKAWKAW HEALTH CENTRE (KRACHI EAST),Health Centre,KRACHI EAST,4792.11,01/03/2025,16-May-2025,19,ASUKAWKAW47921001032025
ASUNDUA CHPS COMPOUND,CHPS,WASSA AMENFI E,2602.31,01/03/2025,16-May-2025,19,ASUNDUA26023101032025
ASUOGYA KROBO CHPS,CHPS,WASSA AMENFI EA,426.82,01/03/2025,16-May-2025,19,ASUOGYA4268201032025
ASUOHYIAM CHPS,CHPS,AMENFIMAN,3471.32,01/03/2025,16-May-2025,19,ASUOHYIAM34713201032025
ATIANKAMA CHPS,CHPS,BIRIM SOUTH,5673.48,01/03/2025,16-May-2025,19,ATIANKAMA56734801032025
ATIAVI HEALTH CENTRE (KETA),Health Centre,KETA,3311.42,01/03/2025,16-May-2025,19,ATIAVI33114201032025
ATOBIASE CHPS COMPOUND,CHPS,UPPER DENKYIRA,724.06,01/03/2025,16-May-2025,19,ATOBIASE7240601032025
ATORKOR CHPS COMPOUND,CHPS,KETA,1688.19,01/03/2025,16-May-2025,19,ATORKOR16881901032025
ATSIEKPI CHPS COMPOUND,CHPS,AKATSI,681.96,01/03/2025,16-May-2025,19,ATSIEKPI6819601032025
ATTOBRAKROM CHPS COMPOUND,CHPS,AMENFIMAN,2085.99,01/03/2025,16-May-2025,19,ATTOBRAKROM20859801032025
ATUDROBESA CHPS COMPOUND,CHPS,TANO NORTH HIS,13069.09,01/03/2025,16-May-2025,19,ATUDROBESA130690901032025
ATWEREBOANDA CHPS COMPOUND,CHPS,SHAMA,744.83,01/03/2025,16-May-2025,19,ATWEREBOANDA7448301032025
AVEDOTOE CHPS,CHPS,NORTH TONGU,1812.79,01/03/2025,16-May-2025,19,AVEDOTOE18127901032025
AVEE CHPS COMPOUND,CHPS,HO,567.96,01/03/2025,16-May-2025,19,AVEE5679601032025
AVEME DANYIGBA HEALTH CENTRE,Health Centre,KPANDO,5053.25,01/03/2025,16-May-2025,20,AVEME50532501032025
AVENORPEME HEALTH CENTER,Health Centre,AKATSI,5304.79,01/03/2025,16-May-2025,20,AVENORPEME53047901032025
AVETIKOPE CHPS COMPOUND,CHPS,KPANDO,937.69,01/03/2025,16-May-2025,20,AVETIKOPE9376901032025
AWAHAM CHPS COMPOUND,CHPS,WEST AKIM,3019.86,01/03/2025,16-May-2025,20,AWAHAM30198601032025
AWORENSUA CHPS,CHPS,ATIWA DHIS,4200.08,01/03/2025,16-May-2025,20,AWORENSUA42000801032025
AYEASU/ATRENSU CHPS COMPOUND,CHPS,TECHIMAN,26381.34,01/03/2025,16-May-2025,20,AYEASU/ATRENSU263813401032025
AYEKOKOOSO CHPS COMPOUND,CHPS,SUHUM KRA C,5598.20,01/03/2025,16-May-2025,20,AYEKOKOOSO55982001032025
AYELBIA CHPS COMPOUND,CHPS,BONGO,588.36,01/03/2025,16-May-2025,20,AYELBIA5883601032025
AZINZOKA CHPS COMPOUND,CHPS,KASENA-NANKANA,636.87,01/03/2025,16-May-2025,20,AZINZOKA6368701032025
BAAKO CHPS COMPOUND,CHPS,Asikuma Odoben,3415.98,01/03/2025,16-May-2025,20,BAAKO34159801032025
BAATEA CHPS COMPOUND,CHPS,JAMAN SOUTH,3202.05,01/03/2025,16-May-2025,20,BAATEA32020501032025
BABATOR KUMA CHPS,CHPS,KINTAMPO N,29868.73,01/03/2025,16-May-2025,20,BABATOR298687301032025
BABLIDOR CHPS COMPOUND,CHPS,KINTAMPO NORTH,1818.28,01/03/2025,16-May-2025,20,BABLIDOR18182801032025
BADUKROM CHPS (BIRIM),CHPS,BIRIM SOUTH,2094.43,01/03/2025,16-May-2025,20,BADUKROM20944201032025
BAGABAGA HEALTH CENTRE,Health Centre,SAGNARIGU MHIS,5202.01,01/03/2025,16-May-2025,20,BAGABAGA52020101032025
BAGURUGU CHPS COMPOUND,CHPS,KARAGA,2161.34,01/03/2025,16-May-2025,20,BAGURUGU21613401032025
BAMIANKOR HEALTH CENTRE,Health Centre,NZEMA EAST,24152.03,01/03/2025,16-May-2025,20,BAMIANKOR241520301032025
BAMKPAMA CHPS,CHPS,WA WEST,1938.24,01/03/2025,16-May-2025,20,BAMKPAMA19382401032025
BANASO CHPS COMPOUND,CHPS,AOWIN-SU,3662.80,01/03/2025,16-May-2025,20,BANASO36628001032025
"BANDA AHENKRO HEALTH CENTRE,",Health Centre,TAIN DIST,32931.79,01/03/2025,16-May-2025,20,BANDA329317901032025
BANIANTWE CHPS,CHPS,KINTAMPO N,552.22,01/03/2025,16-May-2025,21,BANIANTWE5522201032025
BANKYIM CHPS COMPOUND,CHPS,WASSA-WEST,1633.78,01/03/2025,16-May-2025,21,BANKYIM16337801032025
BANTAMA CHPS COMPOUND (BIRIM CENTRAL),CHPS,BIRIM SOUTH,2815.47,01/03/2025,16-May-2025,21,BANTAMA28154701032025
BATABI CHPS COMPOUND,CHPS,BIRIM SOUTH,472.44,01/03/2025,16-May-2025,21,BATABI4724401032025
BATANYAA CHPS COMPOUND,CHPS,ABURA-ASEBU-KWA,4022.22,01/03/2025,16-May-2025,21,BATANYAA40222201032025
BAWARE CHPS,CHPS,AKUAPEM NORTH,9019.00,01/03/2025,16-May-2025,21,BAWARE90190001032025
BAWENA HEALTH CENTRE,Health Centre,WEST GONJA,1285.74,01/03/2025,16-May-2025,21,BAWENA12857401032025
BAWIESIBELLE HEALTH CENTRE,Health Centre,SISSALA E,1750.18,01/03/2025,16-May-2025,21,BAWIESIBELLE17501801032025
BENIM CHPS COMPOUND,CHPS,PRU,4011.43,01/03/2025,16-May-2025,21,BENIM40114301032025
BENKASA HEALTH CENTER,Health Centre,BEREKUM,5478.94,01/03/2025,16-May-2025,21,BENKASA54789401032025
BERASE CHPS COMPOUND,CHPS,KOM-ED-EGUA-ABI,3240.68,01/03/2025,16-May-2025,21,BERASE32406801032025
BETCO CLINIC,Clinic,BEREKUM,329.02,01/03/2025,16-May-2025,21,BETCO3290201032025
BICHEMBOI CHPS COMPOUND,CHPS,SISSALA EAST,645.22,01/03/2025,16-May-2025,21,BICHEMBOI6452201032025
BIEMSO CHPS COMPUND,CHPS,AHAFO ANO S,4703.59,01/03/2025,16-May-2025,21,BIEMSO47035901032025
BIENI CHPS,CHPS,BIRIM SOUTH,4038.15,01/03/2025,16-May-2025,21,BIENI40381501032025
BINABA POLYCLINIC,Polyclinic,BAWKU WEST,33193.48,01/03/2025,16-May-2025,21,BINABA331934801032025
BITRE CHPS COMPOUND,CHPS,ASUNAFO N,5554.56,01/03/2025,16-May-2025,21,BITRE55545601032025
BOANA CHPS COMPOUND,CHPS,NKORANZA,484.08,01/03/2025,16-May-2025,21,BOANA4840801032025
BOATELEGU CHPS,CHPS,BUNKPURUGU YUNY,1588.74,01/03/2025,16-May-2025,21,BOATELEGU15887401032025
BOFIE CHPS,CHPS,TAIN DIST,4612.64,01/03/2025,16-May-2025,21,BOFIE46126401032025
BOINZAN CHPS COMPOUND,CHPS,JUABOSO,1455.45,01/03/2025,16-May-2025,22,BOINZAN14554501032025
BOLNI HEALTH CENTER,Health Centre,NANUMBA NORTH,2507.93,01/03/2025,16-May-2025,22,BOLNI25079201032025
BONSAWIRE CHPS COMPOUND,CHPS,WASSA-WEST,1665.83,01/03/2025,16-May-2025,22,BONSAWIRE16658301032025
BORAE NKWANTA CHPS COMPOUND,CHPS,KRACHI WEST,1774.72,01/03/2025,16-May-2025,22,BORAE17747201032025
BOTOKU HEALTH CENTRE,Health Centre,KPANDO,3227.60,01/03/2025,16-May-2025,22,BOTOKU32276001032025
BREPROW CHPS,CHPS,WASSA AMENFI E,211.40,01/03/2025,16-May-2025,22,BREPROW2114001032025
BROSANKRO HEALTH CENTRE,Health Centre,TANO S,26110.02,01/03/2025,16-May-2025,22,BROSANKRO261100201032025
BU CHPS,CHPS,LAWRA,107.94,01/03/2025,16-May-2025,22,BU1079401032025
BUGSONGO/NYANGOLINGO CHPS,CHPS,KASENA-NANKANA,3214.35,01/03/2025,16-May-2025,22,BUGSONGO/NYANGOLINGO32143501032025
BUGUBELLE CHPS ZONE,CHPS,SISSALA EAST,4405.99,01/03/2025,16-May-2025,22,BUGUBELLE44059901032025
BULKPALI CHPS,CHPS,ZABZUGU/TATALE,4084.03,01/03/2025,16-May-2025,22,BULKPALI40840301032025
BULTUO CHPS,CHPS,WA WEST,1993.88,01/03/2025,16-May-2025,22,BULTUO19938801032025
BUME HEALTH CENTRE,Health Centre,KPANDO,2556.61,01/03/2025,16-May-2025,22,BUME25566101032025
BUNSO HEALTH CENTER,Health Centre,EAST AKIM DMHIS,3702.00,01/03/2025,16-May-2025,22,BUNSO37020001032025
BUSSIE HEALTH CENTRE,Health Centre,NADOWLI,9880.87,01/03/2025,16-May-2025,22,BUSSIE98808701032025
BUSUA CHPS ZONE,CHPS,AHANTAMAN,5144.76,01/03/2025,16-May-2025,22,BUSUA51447601032025
CAMP 15 CHPS COMPOUND,CHPS,BIA,3312.91,01/03/2025,16-May-2025,22,CAMP33129101032025
CARPENTER CHPS,CHPS,BOLE DMHIS,4229.23,01/03/2025,16-May-2025,22,CARPENTER42292201032025
CHAGGUPAANI CHPS,CHPS,WA EAST,1625.16,01/03/2025,16-May-2025,22,CHAGGUPAANI16251601032025
CHAISO CHPS ZONE,CHPS,NKWANTA,632.49,01/03/2025,16-May-2025,22,CHAISO6324901032025
CHALLU CHPS COMPOUND,CHPS,SISSALA EAST,4751.55,01/03/2025,16-May-2025,23,CHALLU47515501032025
CHOGNOUR CHPS,CHPS,JIRAPA-LAMB,380.65,01/03/2025,16-May-2025,23,CHOGNOUR3806501032025
CHOKLOMBO CHPS,CHPS,PRU,4480.54,01/03/2025,16-May-2025,23,CHOKLOMBO44805401032025
CHURCH OF CHRIST MISSION CLINIC (N/R),Clinic,YENDI DIST HIS,31384.49,01/03/2025,16-May-2025,23,CHURCH313844901032025
COMMUNITY HEALTH NURSES TRAINING SCHOOL CLINIC,Clinic,TAMALE,1770.71,01/03/2025,16-May-2025,23,COMMUNITY17707101032025
DABOASE HEALTH CENTRE,Health Centre,MPOHOR WASS E,756.75,01/03/2025,16-May-2025,23,DABOASE7567501032025
DADIESO CHPS ZONE,CHPS,WASSA AMENFI E,2948.25,01/03/2025,16-May-2025,23,DADIESO29482501032025
DADWEN CHPS COMPOUND,CHPS,NZEMA EAST,1807.76,01/03/2025,16-May-2025,23,DADWEN18077601032025
DAFFIAMA HEALTH CENTRE,Health Centre,NADOWLI,11397.82,01/03/2025,16-May-2025,23,DAFFIAMA113978201032025
DAGADU CHPS COMPOUND,CHPS,TAIN,18046.13,01/03/2025,16-May-2025,23,DAGADU180461301032025
DAGO HEALTH CENTRE,Health Centre,GOMOAMAN HIS,5136.11,01/03/2025,16-May-2025,23,DAGO51361001032025
DAKPAM CHPS COMPOUND,CHPS,NANUMBA NORTH,3705.37,01/03/2025,16-May-2025,23,DAKPAM37053701032025
DAKYIE CHPS,CHPS,NADOWLI,397.20,01/03/2025,16-May-2025,23,DAKYIE3972001032025
DAMANKUNG CHPS ZONE,CHPS,GUSHEGU,1674.80,01/03/2025,16-May-2025,23,DAMANKUNG16748001032025
DAMONGO HEALTH CENTRE,Health Centre,WEST GONJA,18421.28,01/03/2025,16-May-2025,23,DAMONGO184212801032025
DANDWA CHPS,CHPS,NKORANZA,1986.62,01/03/2025,16-May-2025,23,DANDWA19866201032025
DARMANG CHPS ZONE,CHPS,WASSA AMENFI E,708.25,01/03/2025,16-May-2025,23,DARMANG7082501032025
DASOBLIGO CHPS,CHPS,TALENSI NABDAM,1838.52,01/03/2025,16-May-2025,23,DASOBLIGO18385201032025
DAWURAMPONG CHPS ZONE,CHPS,WASSA AMENFI E,3297.94,01/03/2025,16-May-2025,23,DAWURAMPONG32979401032025
DEBISO CHPS (BIBIANI ANHWIASO BEKWAI),CHPS,BIBIANI-ANHWIAS,3654.56,01/03/2025,16-May-2025,23,DEBISO36545601032025
DEDUKOFE CHPS,CHPS,NORTH TONGU,1640.44,01/03/2025,16-May-2025,24,DEDUKOFE16404401032025
DEGRI CHPS,CHPS,JIRAPA-LAMB,728.52,01/03/2025,16-May-2025,24,DEGRI7285201032025
DEKPOR CHPS ZONE,CHPS,KETU NORTH,2282.45,01/03/2025,16-May-2025,24,DEKPOR22824401032025
DENKYIRA FOSU CHPS ZONE,CHPS,UPPER DENKYIRA,1850.76,01/03/2025,16-May-2025,24,DENKYIRA18507601032025
DENSUANO HEALTH CENTRE,Health Centre,NEW JUABEN,4113.72,01/03/2025,16-May-2025,24,DENSUANO41137201032025
DEVEGO HEALTH CENTRE,Health Centre,KETU NORTH,4265.39,01/03/2025,16-May-2025,24,DEVEGO42653901032025
DIKOTO JUNCTION CHPS COMPOUND,CHPS,WASSA AMENFI E,1957.99,01/03/2025,16-May-2025,24,DIKOTO19579901032025
DIKOTO NSUAEM CHP COMPOUND,Unknown,WASSA AMENFI E,1706.12,01/03/2025,16-May-2025,24,DIKOTO17061201032025
DJORBOAH CHPS ZONE,CHPS,WASSA AMENFI E,783.80,01/03/2025,16-May-2025,24,DJORBOAH7838001032025
DOBIDI NKWANTA CHPS COMPOUND,CHPS,ATEBUBU,4865.32,01/03/2025,16-May-2025,24,DOBIDI48653201032025
DODOME TELEAFENUI HEALTH CENTRE,Health Centre,HO,3585.81,01/03/2025,16-May-2025,24,DODOME35858101032025
DOLI CHPS COMPOUND,CHPS,BOLE,3413.93,01/03/2025,16-May-2025,24,DOLI34139301032025
DOMANGYILLI CHPS,CHPS,WA WEST,1669.05,01/03/2025,16-May-2025,24,DOMANGYILLI16690501032025
DOME CHPS,CHPS,AFRAM PLANS HIS,406.20,01/03/2025,16-May-2025,24,DOME4062001032025
DOMEABRA CHPS (AMENFI WEST),CHPS,AMENFIMAN WEST,739.41,01/03/2025,16-May-2025,24,DOMEABRA7394101032025
DOMEABRA CHPS (ASIKUMA O. BRAKWA),CHPS,ASIKUMA ODOBEN,3807.62,01/03/2025,16-May-2025,24,DOMEABRA38076201032025
DOMINIBO CHPS COMPOUND,CHPS,BIBIANI-AN BE,2397.32,01/03/2025,16-May-2025,24,DOMINIBO23973201032025
DONINGA HEALTH CENTRE,Health Centre,BUILSA,4126.40,01/03/2025,16-May-2025,24,DONINGA41263901032025
DR PRAH GEORGE KWAME MD PHD CHPS,CHPS,WINNEBA,161.86,01/03/2025,16-May-2025,24,DR1618601032025
DROBO POLYCLINIC,Polyclinic,JAMAN S,50499.58,01/03/2025,16-May-2025,24,DROBO504995801032025
DROMANKUMA CHPS COMPOUND,CHPS,NKORANZA,1887.93,01/03/2025,16-May-2025,25,DROMANKUMA18879301032025
DUA HEALTH CENTRE,Health Centre,BONGO,4703.57,01/03/2025,16-May-2025,25,DUA47035701032025
DUMSO CHPS COMPOUND,CHPS,KINTAMPO S,4694.51,01/03/2025,16-May-2025,25,DUMSO46945101032025
DUNGU CHPS,CHPS,SAGNARIGU,4000.27,01/03/2025,16-May-2025,25,DUNGU40002701032025
DUODOKROM CHPS COMPOUND,CHPS,SUHUM KRABOA CO,666.74,01/03/2025,16-May-2025,25,DUODOKROM6667401032025
DWIRIGUM CHPS COMPOUND,CHPS,AMENFIMAN,349.02,01/03/2025,16-May-2025,25,DWIRIGUM3490201032025
DZOGADZE CHPS (AKATSI),CHPS,AKATSI,1590.98,01/03/2025,16-May-2025,25,DZOGADZE15909801032025
DZOGBORVE CHPS COMPOUND,CHPS,SOUTH TONGU,260.49,01/03/2025,16-May-2025,25,DZOGBORVE2604901032025
E.P. CHURCH CLINIC - WAPULI,Clinic,SABOBA / CHIREP,30190.45,01/03/2025,16-May-2025,25,E.P.301904501032025
EDUABENG CHPS COMPOUND,CHPS,TLD,5401.19,01/03/2025,16-May-2025,25,EDUABENG54011901032025
EDUMANU CHPS COMPOUND,CHPS,ASIKUMA ODOBEN,520.87,01/03/2025,16-May-2025,25,EDUMANU5208701032025
EKRAWFO CHPS COMPOUND,CHPS,MFANTSIMAN,3835.89,01/03/2025,16-May-2025,25,EKRAWFO38358901032025
ENYINABRIM CHPS ZONE,CHPS,ABURA ASEBU KWA,566.39,01/03/2025,16-May-2025,25,ENYINABRIM5663901032025
EPISCOPAL HEALTH CENTRE,Health Centre,AOWIN-SUAMAN,2721.34,01/03/2025,16-May-2025,25,EPISCOPAL27213401032025
ESAASE CHPS,CHPS,OKWAHUMAN W,1730.73,01/03/2025,16-May-2025,25,ESAASE17307301032025
"ESHIEM CHPS COMPOUND,.",CHPS,BIRIM SOUTH,1742.03,01/03/2025,16-May-2025,25,ESHIEM17420301032025
ESSAM CHPS (EASTERN),CHPS,BIRIM SOUTH,4571.49,01/03/2025,16-May-2025,25,ESSAM45714901032025
ESSAMAN CHPS (SHAMA),CHPS,SHAMA MHIS,3693.04,01/03/2025,16-May-2025,25,ESSAMAN36930401032025
ETESO CHPS,CHPS,JUABOSO,533.87,01/03/2025,16-May-2025,25,ETESO5338701032025
EWUKU CHPS,CHPS,NZEMA EAST,3305.30,01/03/2025,16-May-2025,25,EWUKU33053001032025
FAKWASI CHPS COMPOUND,CHPS,ATEBUBU,4104.55,01/03/2025,16-May-2025,26,FAKWASI41045501032025
FANTEKROM CHPS COMPOUND,CHPS,NZEMA EAST,1454.87,01/03/2025,16-May-2025,26,FANTEKROM14548701032025
FATCHU CHPS COMPOUND,CHPS,SISSALA W,982.53,01/03/2025,16-May-2025,26,FATCHU9825301032025
FESI CHPS (KPANDO),CHPS,KPANDO,5001.08,01/03/2025,16-May-2025,26,FESI50010801032025
FIAN HEALTH CENTRE,Health Centre,NADOWLI,4852.52,01/03/2025,16-May-2025,26,FIAN48525201032025
FODOME AHOR CHPS COMPOUND,CHPS,HOHOE,5145.05,01/03/2025,16-May-2025,26,FODOME51450501032025
FODOME HELU HEALTH CENTER,Health Centre,HOHOE,5323.34,01/03/2025,16-May-2025,26,FODOME53233401032025
FONGU CHPS COMPOUN,CHPS,WA CENTRAL,1943.06,01/03/2025,16-May-2025,26,FONGU19430601032025
FOSUANSA CHPS COMPOUND,CHPS,ASIKUMA ODO BRA,2005.57,01/03/2025,16-May-2025,26,FOSUANSA20055701032025
FOSUKROM CHPS,CHPS,BIA,863.46,01/03/2025,16-May-2025,26,FOSUKROM8634601032025
GAA CHPS ZONE,CHPS,GUSHEGU,4371.63,01/03/2025,16-May-2025,26,GAA43716301032025
GAGBIRI CHPS COMPOUND,CHPS,UPPER EAST,3933.50,01/03/2025,16-May-2025,26,GAGBIRI39335001032025
GALO-SOTA HEALTH CENTRE,Health Centre,KETA,1935.52,01/03/2025,16-May-2025,26,GALO-SOTA19355201032025
GAMBRONGO CHPS COMPOUND,CHPS,BONGO,1858.70,01/03/2025,16-May-2025,26,GAMBRONGO18587001032025
GAMBUGA CHPS COMPOUND,CHPS,NANUMBA NORTH,1577.59,01/03/2025,16-May-2025,26,GAMBUGA15775901032025
GARADIMA CHIPS COMPOUND,Unknown,ATEBUBU,5036.02,01/03/2025,16-May-2025,26,GARADIMA50360201032025
GARIZEGU CHPS,CHPS,SAGNARIGU,4672.11,01/03/2025,16-May-2025,26,GARIZEGU46721001032025
GBAL CHPS,CHPS,SISSALA W,1587.69,01/03/2025,16-May-2025,26,GBAL15876901032025
GBALAHI CHPS,CHPS,SAGNARIGU MHIS,1904.20,01/03/2025,16-May-2025,26,GBALAHI19042001032025
GBAN KONI CHPS COMPUND,CHPS,BUNKPURUGU YUNY,1318.00,01/03/2025,16-May-2025,26,GBAN13180001032025
GBEDEMA CHPS COMPOUND,CHPS,BUILSA,3695.10,01/03/2025,16-May-2025,27,GBEDEMA36951001032025
GBEGRU CHPS,CHPS,WA MUN,1330.96,01/03/2025,16-May-2025,27,GBEGRU13309601032025
GBENFU CHPS COMPOUND,CHPS,BOLE,4908.77,01/03/2025,16-May-2025,27,GBENFU49087701032025
GBEO CHPS COMPOUND,CHPS,WEST MAMPRUSI,539.22,01/03/2025,16-May-2025,27,GBEO5392201032025
GBI WEGBE HEALTH CENTRE,Health Centre,HOHOE,8188.73,01/03/2025,16-May-2025,27,GBI81887301032025
GBRIMA CHPS,CHPS,SAGNARIGU,684.11,01/03/2025,16-May-2025,27,GBRIMA6841101032025
GEFIA HEALTH CENTRE,Health Centre,AKATSI,4567.77,01/03/2025,16-May-2025,27,GEFIA45677701032025
GHANA NUNGUAH CHPS (JOMORO),CHPS,JOMORO MHIS,1117.93,01/03/2025,16-May-2025,27,GHANA11179301032025
GOKA HEALTH CENTRE,Health Centre,JAMAN N,30210.48,01/03/2025,16-May-2025,27,GOKA302104801032025
GOMOA ASEBU CHPS COMPOUND,CHPS,GOMOAMAN,4011.64,01/03/2025,16-May-2025,27,GOMOA40116401032025
GOMOA DENKYIRA CHPS COMPOUND,CHPS,GOMOAMAN,3092.38,01/03/2025,16-May-2025,27,GOMOA30923801032025
GOMOA FOMENA CHPS COMPOUND,CHPS,GOMOAMAN,3375.91,01/03/2025,16-May-2025,27,GOMOA33759101032025
GOMOA KOKOFU CHPS,CHPS,GOMOAMAN,1115.93,01/03/2025,16-May-2025,27,GOMOA11159301032025
GOMOA NSUAEM CHPS ZONE,CHPS,GOMOAMAN,2718.76,01/03/2025,16-May-2025,27,GOMOA27187601032025
GOMOA POTSIN POLYCLINIC,Polyclinic,GOMOAMAN,34526.74,01/03/2025,16-May-2025,27,GOMOA345267401032025
GOMOA TARKWA CHPS ZONE,CHPS,GOMOAMAN,4610.33,01/03/2025,16-May-2025,27,GOMOA46103301032025
GOOD SHEPHERD HEALTH CENTER (N/R),Health Centre,SAWLA TUNA KALB,26590.38,01/03/2025,16-May-2025,27,GOOD265903801032025
GOVERNAKROM CHPS,CHPS,SUHUM KRA C,1638.80,01/03/2025,16-May-2025,27,GOVERNAKROM16388001032025
GRAVEL YARD CHPS COMPOUND,CHPS,AMENFIMAN,1635.78,01/03/2025,16-May-2025,27,GRAVEL16357801032025
GRUMISA CHPS ZONE,CHPS,WASSA AMENFI E,293.03,01/03/2025,16-May-2025,27,GRUMISA2930201032025
GUMANI CHPS,CHPS,SAGNARIGU MHIS,3009.43,01/03/2025,16-May-2025,28,GUMANI30094301032025
GUO CHPS COMPOUND,CHPS,LAWRA,534.76,01/03/2025,16-May-2025,28,GUO5347601032025
GURI CHPS,CHPS,LAWRA MHIS,567.05,01/03/2025,16-May-2025,28,GURI5670401032025
GYADAM CHPS COMPOUND,CHPS,BIRIM SOUTH,3789.74,01/03/2025,16-May-2025,28,GYADAM37897401032025
GYAHA CHPS COMPOUND,CHPS,BIRIM NORTH DMH,5500.02,01/03/2025,16-May-2025,28,GYAHA55000201032025
GYAMPOKROM CHPS,CHPS,JUABOSO,199.07,01/03/2025,16-May-2025,28,GYAMPOKROM1990701032025
GYEDU HEALTH CENTER,Health Centre,ASUTIFI DISTRIC,27499.23,01/03/2025,16-May-2025,28,GYEDU274992301032025
GYEDUA CHPS COMPOUND,CHPS,WASSA AMENFI E,3510.25,01/03/2025,16-May-2025,28,GYEDUA35102501032025
HAKYAGAGANG CHPS,CHPS,JIRAPA-LAMB,596.18,01/03/2025,16-May-2025,28,HAKYAGAGANG5961701032025
HAPPA-B-LINE CHPS,CHPS,JIRAPA-LAMB,682.26,01/03/2025,16-May-2025,28,HAPPA-B-LINE6822601032025
HIAKOSE/ABODEASE CHPS COMPOUND,CHPS,AMANSIE WEST,4678.87,01/03/2025,16-May-2025,28,HIAKOSE/ABODEASE46788701032025
HIAYEYA CHPS COMPOUND,CHPS,AMANSIE CENTRAL,3609.08,01/03/2025,16-May-2025,28,HIAYEYA36090801032025
HOPE CENTRE CLINIC,Clinic,HO,322.79,01/03/2025,16-May-2025,28,HOPE3227901032025
HUMJIBRE HEALTH CENTRE,Health Centre,BIBIANI-AN BE,5318.44,01/03/2025,16-May-2025,28,HUMJIBRE53184401032025
IDUAPRIEM HEALTH CENTRE,Health Centre,WASSA-WEST,7052.50,01/03/2025,16-May-2025,28,IDUAPRIEM70525001032025
IMBRAIM CHPS COMPOUND,CHPS,UPPER DENKYIRA,5020.20,01/03/2025,16-May-2025,28,IMBRAIM50202001032025
INFANT JESUS CATHOLIC CLINIC,Clinic,AWUTU,3928.65,01/03/2025,16-May-2025,28,INFANT39286501032025
ISRAEL HEALTH CENTRE,Health Centre,GA,1751.18,01/03/2025,16-May-2025,28,ISRAEL17511801032025
JAMRA CHPS COMPOUND,CHPS,ASIKUMA ODO BRA,3502.24,01/03/2025,16-May-2025,28,JAMRA35022401032025
JAPEKROM CHPS,CHPS,JAMAN SOUTH,30024.91,01/03/2025,16-May-2025,28,JAPEKROM300249101032025
JEMA CHPS COMPOUND,CHPS,AOWIN-SUAMAN,3808.30,01/03/2025,16-May-2025,29,JEMA38083001032025
JENINSO CHPS COMPOUND,CHPS,AMANSIE WEST,3196.71,01/03/2025,16-May-2025,29,JENINSO31967101032025
JETIASE CHPS COMPOUND,CHPS,SEKYERE WEST,3958.97,01/03/2025,16-May-2025,29,JETIASE39589701032025
JIJEN CHPS,CHPS,SISSALA E,1638.81,01/03/2025,16-May-2025,29,JIJEN16388101032025
JINPENSI CHPS,CHPS,NADOWLI,1925.79,01/03/2025,16-May-2025,29,JINPENSI19257901032025
JOLINYIRI CHPS,CHPS,NADOWLI,955.00,01/03/2025,16-May-2025,29,JOLINYIRI9550001032025
JOMORO-ENCHI CHPS COMPOUND,CHPS,AOWIN-SU,3516.48,01/03/2025,16-May-2025,29,JOMORO-ENCHI35164801032025
JORDAN-NU CHPS,CHPS,KPANDO,2781.81,01/03/2025,16-May-2025,29,JORDAN-NU27818101032025
JUANSA HEALTH CENTRE,Health Centre,ASANTE AKIM N,42358.44,01/03/2025,16-May-2025,29,JUANSA423584401032025
JUKWA HEALTH CENTRE,Health Centre,TLD,24317.19,01/03/2025,16-May-2025,29,JUKWA243171901032025
JUKWA-HEMAN CHPS COMPOUND,CHPS,WASSA AMENFI E,3093.72,01/03/2025,16-May-2025,29,JUKWA-HEMAN30937201032025
JUO CHPS COMPOUND,CHPS,NANUMBA N,1964.10,01/03/2025,16-May-2025,29,JUO19641001032025
K9 CHPS COMPOUND,CHPS,MPOHOR WASSA EA,210.30,01/03/2025,16-May-2025,29,K92103001032025
KABAMPE HEALTH CENTRE,Health Centre,WEST GONJA,2073.21,01/03/2025,16-May-2025,29,KABAMPE20732101032025
KABILE CHPS,CHPS,JAMAN N,23671.02,01/03/2025,16-May-2025,29,KABILE236710201032025
KADE GUGGISBERG CHPS COMPOUND,CHPS,KWAEBIBIREM,679.38,01/03/2025,16-May-2025,29,KADE6793801032025
KAGBAL CHPS COMPOUND,CHPS,WEST GONJA,214.43,01/03/2025,16-May-2025,29,KAGBAL2144301032025
KAJELO CHPS COMPOUND,CHPS,KASENA-NAN,4172.15,01/03/2025,16-May-2025,29,KAJELO41721401032025
KAKIASI CHPS,CHPS,BOLE,4691.50,01/03/2025,16-May-2025,29,KAKIASI46915001032025
KALIDU CHPS COMPOUND,CHPS,BOLE,4652.63,01/03/2025,16-May-2025,29,KALIDU46526301032025
KAMAHEGU CHPS COMPOUND,CHPS,NADOWLI,420.98,01/03/2025,16-May-2025,30,KAMAHEGU4209801032025
KANANIA CHPS COMPOUND,CHPS,KASENA-NAN,2869.46,01/03/2025,16-May-2025,30,KANANIA28694601032025
KANDIN HEALTH CENTRE,Health Centre,ZABZ/TATA,4416.62,01/03/2025,16-May-2025,30,KANDIN44166201032025
KANGBA CHPS,CHPS,WA WEST,2019.30,01/03/2025,16-May-2025,30,KANGBA20193001032025
KANTANKRUBO CHPS,CHPS,JUABOSO,2527.70,01/03/2025,16-May-2025,30,KANTANKRUBO25276901032025
KARAGA RCH/ HEALTH CENTRE,Health Centre,KARAGA,13633.23,01/03/2025,16-May-2025,30,KARAGA136332301032025
KASSENA NANKANA EAST HEALTH CENTRE,Health Centre,KASENA-NANKANA,36561.59,01/03/2025,16-May-2025,30,KASSENA365615801032025
KATIU CHPS COMPOUND,CHPS,KASENA-NAN,2785.61,01/03/2025,16-May-2025,30,KATIU27856101032025
KAWAMPE CHPS,CHPS,KINTAMPO N,3771.06,01/03/2025,16-May-2025,30,KAWAMPE37710601032025
KAYIREKU CHPS COMPOUND,CHPS,TWI HEM LO DEN,3143.63,01/03/2025,16-May-2025,30,KAYIREKU31436301032025
KENSERE CHPS,CHPS,AMANSIE EAST,1666.37,01/03/2025,16-May-2025,30,KENSERE16663701032025
KIBI NEWTOWN CHPS,CHPS,EAST AKIM DMHIS,1613.69,01/03/2025,16-May-2025,30,KIBI16136901032025
KISSI HEALTH CENTRE,Health Centre,KOM-ED-EGUA-ABI,31771.29,01/03/2025,16-May-2025,30,KISSI317712901032025
KITARE HEALTH CENTRE,Health Centre,EAST GONJA,12929.81,01/03/2025,16-May-2025,30,KITARE129298101032025
KLENORMADI CHPS COMPOUND,CHPS,KETU NORTH,2929.46,01/03/2025,16-May-2025,30,KLENORMADI29294601032025
KOBEDA CHPS COMPOUND,CHPS,KINTAMPO NORTH,2810.14,01/03/2025,16-May-2025,30,KOBEDA28101401032025
KOFI KRA CHPS (BIA),CHPS,BIA,586.07,01/03/2025,16-May-2025,30,KOFI5860701032025
KOFI PARE HEALTH CENTRE,Health Centre,SUHUM KRA C,4965.00,01/03/2025,16-May-2025,30,KOFI49650001032025
KOGNI HEALTH CENTRE,Health Centre,SAGNARIGU MHIS,5410.96,01/03/2025,16-May-2025,30,KOGNI54109601032025
KOJOKPERI HEALTH CENTRE,Health Centre,NADOWLI,7891.59,01/03/2025,16-May-2025,30,KOJOKPERI78915901032025
KOKUMA CHPS COMPOUND,CHPS,KINTAMPO S,5400.25,01/03/2025,16-May-2025,31,KOKUMA54002501032025
KOMOAYILI CHPS COMPOUND,CHPS,KARAGA,4181.74,01/03/2025,16-May-2025,31,KOMOAYILI41817401032025
KONKONEY CHPS,CHPS,MANYA KROBO,560.85,01/03/2025,16-May-2025,31,KONKONEY5608501032025
KONTA NORTH CHPS COMPOUND,CHPS,WA MUN,3828.66,01/03/2025,16-May-2025,31,KONTA38286601032025
KONZOKALAA CHPS COMPOUND,CHPS,NADOWLI,1261.10,01/03/2025,16-May-2025,31,KONZOKALAA12610901032025
KORDJOUR CHPS ZONE,CHPS,AOWIN-SUAMAN,414.04,01/03/2025,16-May-2025,31,KORDJOUR4140401032025
KOTITO CHPS (WEST GONJA),CHPS,WEST GONJA,1751.37,01/03/2025,16-May-2025,31,KOTITO17513701032025
KOTOKU HEALTH CENTRE,Health Centre,GA,42070.43,01/03/2025,16-May-2025,31,KOTOKU420704301032025
KOTOKYE CHPS COMPOUND,CHPS,TWI HEM LO DEN,1616.79,01/03/2025,16-May-2025,31,KOTOKYE16167901032025
KPALBA HEALTH CENTRE,Health Centre,SABOBA / CHIREP,3655.76,01/03/2025,16-May-2025,31,KPALBA36557601032025
KPALSUNG CHPS,CHPS,TAMALE,5233.27,01/03/2025,16-May-2025,31,KPALSUNG52332701032025
KPANASHEI CHPS ZONE,CHPS,GUSHEGU,1815.75,01/03/2025,16-May-2025,31,KPANASHEI18157501032025
KPANDO HEALTH CENTRE,Health Centre,KPANDO,38086.39,01/03/2025,16-May-2025,31,KPANDO380863901032025
KPAREKPARE CHPS ZONE,CHPS,KRACHI EAST,4278.63,01/03/2025,16-May-2025,31,KPAREKPARE42786301032025
KPEBE CHPS ZONE,CHPS,KPANDO,1879.67,01/03/2025,16-May-2025,31,KPEBE18796701032025
KPELEMA CHPS ZONE (KRACHI EAST),CHPS,KRACHI EAST,5257.51,01/03/2025,16-May-2025,31,KPELEMA52575101032025
KPINJING CHPS,CHPS,SAGNARIGU,2144.45,01/03/2025,16-May-2025,31,KPINJING21444401032025
KPINKPANYOUNG CHPS COMPOUND,CHPS,GARU,1570.02,01/03/2025,16-May-2025,31,KPINKPANYOUNG15700201032025
KPORMETERY CHPS COMPOUND,CHPS,AWUTU-EFFUTU-SE,373.00,01/03/2025,16-May-2025,31,KPORMETERY3730001032025
KPULIYINI CHPS COMPOUND,CHPS,TOLON/KUMBUNGU,732.74,01/03/2025,16-May-2025,31,KPULIYINI7327401032025
KRAMOKROM CHPS COMPOUND,CHPS,UPPER DENKYIRA,1707.17,01/03/2025,16-May-2025,32,KRAMOKROM17071701032025
KUBALIM CHPS,CHPS,ZABZ/TATA,3705.12,01/03/2025,16-May-2025,32,KUBALIM37051201032025
KUDI KOPE CHPS,CHPS,ASUOGYAMAN,3031.60,01/03/2025,16-May-2025,32,KUDI30316001032025
KUKUO YAPALSI CHPS COMPOUND,CHPS,SAGNARIGU,1726.55,01/03/2025,16-May-2025,32,KUKUO17265501032025
KULMASA CHPS COMPOUND,CHPS,SAWLA TUNA KALB,4579.86,01/03/2025,16-May-2025,32,KULMASA45798501032025
KUMFIA CHPS,CHPS,ATEBUBU,5465.88,01/03/2025,16-May-2025,32,KUMFIA54658801032025
KUNKUA CHPS,CHPS,BONGO,5170.64,01/03/2025,16-May-2025,32,KUNKUA51706401032025
KUNKWAKÂ  CHPS COMPOUND,CHPS,BUILSA,1776.45,01/03/2025,16-May-2025,32,KUNKWAKÂ 17764501032025
KUNYABIN CHPS,CHPS,WA EAST,644.20,01/03/2025,16-May-2025,32,KUNYABIN6442001032025
KURAWURA CHPS,CHPS,KINTAMPO N,3634.23,01/03/2025,16-May-2025,32,KURAWURA36342301032025
KUSELLE CHPS COMPOUND,CHPS,LAWRA,702.01,01/03/2025,16-May-2025,32,KUSELLE7020101032025
KUTRE NO. 1 CHPS,CHPS,BEREKUM,5064.58,01/03/2025,16-May-2025,32,KUTRE50645801032025
KWABENAKROM CHPS,CHPS,AOWIN-SU,2589.91,01/03/2025,16-May-2025,32,KWABENAKROM25899101032025
KWAMAN CHPS ZONE,CHPS,AMENFIMAN,1895.60,01/03/2025,16-May-2025,32,KWAMAN18956001032025
KWAMANG HEALTH CENTRE (SEKYERE WEST),Health Centre,SEKYERE WEST,23894.88,01/03/2025,16-May-2025,32,KWAMANG238948801032025
KWAME KWESI CHPS COMPOUND,CHPS,BOLE,3261.58,01/03/2025,16-May-2025,32,KWAME32615801032025
KWAMEKROM NEWTOWN CHPS COMPOUND,CHPS,JASIKAN,389.86,01/03/2025,16-May-2025,32,KWAMEKROM3898601032025
KWANWOMA HEALTH CENTRE,Health Centre,BOSOMTWE-A_K,34520.19,01/03/2025,16-May-2025,32,KWANWOMA345201901032025
KWASI NKRUMAH CHPS COMPOUND,CHPS,BIA,3205.65,01/03/2025,16-May-2025,32,KWASI32056501032025
KWASI NYARKO CHPS COMPOUND,CHPS,WEST AKIM,2100.55,01/03/2025,16-May-2025,32,KWASI21005501032025
KWASIKROM HEALTH CENTRE(BODI),Health Centre,JUABOSO,3296.93,01/03/2025,16-May-2025,33,KWASIKROM32969301032025
KWAWKROM CHPS,CHPS,JUABOSO,1751.17,01/03/2025,16-May-2025,33,KWAWKROM17511701032025
KYEKYEBIASE CHPS,CHPS,ASANTE AKIM NOR,2856.17,01/03/2025,16-May-2025,33,KYEKYEBIASE28561701032025
KYEREMASE CHPS,CHPS,BIRIM SOUTH,2212.42,01/03/2025,16-May-2025,33,KYEREMASE22124201032025
LABUN CHPS COMPOUND,CHPS,PRU,4079.69,01/03/2025,16-May-2025,33,LABUN40796901032025
LAMPTEY MILLS CHPS COMPOUND,CHPS,AWUTU-EFFUTU-SE,198.52,01/03/2025,16-May-2025,33,LAMPTEY1985201032025
LANGUGU CHPS,CHPS,KARAGA,2896.26,01/03/2025,16-May-2025,33,LANGUGU28962601032025
LAWRA RCH,Unknown,LAWRA,2698.54,01/03/2025,16-May-2025,33,LAWRA26985401032025
LEPUSI CHPS,CHPS,NANUMBA NORTH,7584.77,01/03/2025,16-May-2025,33,LEPUSI75847701032025
LIATI SOBA CHPS COMPOUND,CHPS,HOHOE,3856.72,01/03/2025,16-May-2025,33,LIATI38567201032025
LIKPE-KUKRANTUM1,Unknown,HOHOE,1700.73,01/03/2025,16-May-2025,33,LIKPE-KUKRANTUM117007301032025
LIMANKROM CHPS COMPOUND,CHPS,AOWIN-SU,895.39,01/03/2025,16-May-2025,33,LIMANKROM8953901032025
LINESO CHPS COMPOUND,CHPS,BIBIANI-ANHWIAS,2380.29,01/03/2025,16-May-2025,33,LINESO23802901032025
LINGBUNG CHPS COMPOUND,CHPS,TOLON/KUMBUNGU,4960.16,01/03/2025,16-May-2025,33,LINGBUNG49601601032025
LIVE CHPS COMPOUND,CHPS,AKATSI,3035.89,01/03/2025,16-May-2025,33,LIVE30358901032025
LOGBA TOTA CHPS COMPOUND,CHPS,HOHOE,3542.69,01/03/2025,16-May-2025,33,LOGBA35426901032025
LOWER DIXCOVE CHPS COMPOUND,CHPS,AHANTAMAN,291.77,01/03/2025,16-May-2025,33,LOWER2917701032025
LYSSAH CHPS COMPOUND,CHPS,LAWRA,2760.60,01/03/2025,16-May-2025,33,LYSSAH27606001032025
MALSHEGU CHPS COMPOUND,CHPS,SAGNARIGU,4201.17,01/03/2025,16-May-2025,33,MALSHEGU42011701032025
MALUWE CHPS COMPOUND,CHPS,BOLE DMHIS,3116.56,01/03/2025,16-May-2025,33,MALUWE31165601032025
MALZERI CHPS COMPOUND,CHPS,YENDI,4238.32,01/03/2025,16-May-2025,34,MALZERI42383201032025
MAMANSO CHPS,CHPS,BIRIM NORTH,4962.03,01/03/2025,16-May-2025,34,MAMANSO49620301032025
MANKARIGU HEALTH CENTRE,Health Centre,EAST GONJA,6465.71,01/03/2025,16-May-2025,34,MANKARIGU64657101032025
MANSISO CHPS COMPOUND,CHPS,WASSA AMENFI E,594.68,01/03/2025,16-May-2025,34,MANSISO5946701032025
MANWE CHPS COMPOUND,CHPS,UPPER WEST,4099.29,01/03/2025,16-May-2025,34,MANWE40992901032025
MEM CHPS,CHPS,ATEBUBU,2875.36,01/03/2025,16-May-2025,34,MEM28753601032025
MEMPEASEM CHPS-WEST GONJA,CHPS,West Gonja,2997.63,01/03/2025,16-May-2025,34,MEMPEASEM29976301032025
NAKETE CHPS COMPOUND,CHPS,ASUNAFO S,5267.69,01/02/2025,16-May-2025,34,NAKETE52676901022025
NAMBEG CHPS,CHPS,JIRAPA-LAMB,1282.53,01/02/2025,16-May-2025,34,NAMBEG12825301022025
NAMONGO CHPS,CHPS,BUNKPURUGU-Y,376.18,01/02/2025,16-May-2025,34,NAMONGO3761801022025
NANABENG CHPS COMPOUND,CHPS,MFANTSIMAN,1929.93,01/02/2025,16-May-2025,34,NANABENG19299301022025
NANANKO CHPS ZONE,CHPS,WASSA AMENFI E,2792.80,01/02/2025,16-May-2025,34,NANANKO27928001022025
NANSONI CHPS COMPOUND,CHPS,CHEREPONI,3131.73,01/02/2025,16-May-2025,34,NANSONI31317301022025
NANTE CHPS COMPOUND,CHPS,KINTAMPO S,3582.82,01/02/2025,16-May-2025,34,NANTE35828201022025
NANTON HEALTH CENTRE,Health Centre,SAVE/NANTONG,6771.69,01/02/2025,16-May-2025,34,NANTON67716901022025
NAOMI AKOMA MEMORIAL HEALTH CENTRE,Health Centre,TECHIMAN,50068.72,01/02/2025,16-May-2025,34,NAOMI500687201022025
NASIA CHPS COMPOUND,CHPS,WEST MAMPRUSI,3756.68,01/02/2025,16-May-2025,34,NASIA37566801022025
NASSANA CHPS COMPOUND,CHPS,TAIN,5109.50,01/02/2025,16-May-2025,34,NASSANA51095001022025
NATUGNIA CHPS COMPOUND,CHPS,KASENA-NAN,3421.52,01/02/2025,16-May-2025,34,NATUGNIA34215201022025
NAVIO CHPS COMPOUND,CHPS,KASENA-NANKANA,2078.17,01/02/2025,16-May-2025,34,NAVIO20781701022025
NAVRONGO HEALTH CENTRE,Health Centre,KASENA-NAN,30622.29,01/02/2025,16-May-2025,35,NAVRONGO306222901022025
NCHAMBA CHPS COMPOUND,CHPS,Pru,361.52,01/02/2025,16-May-2025,35,NCHAMBA3615201022025
NCHIRAA HEALTH CENTRE,Health Centre,WENCHI,18427.81,01/02/2025,16-May-2025,35,NCHIRAA184278101022025
NEW AKRADE CHPS ZONE,CHPS,ASUOGYAMAN,1846.20,01/02/2025,16-May-2025,35,NEW18462001022025
NEW AMANFUL CHPS COMPOUND,CHPS,AHANTA WEST,3502.83,01/02/2025,16-May-2025,35,NEW35028301022025
NEW DODI CHPS,CHPS,ASUOGYAMAN,1101.06,01/02/2025,16-May-2025,35,NEW11010601022025
NEW EBU CHPS COMPOUND,CHPS,ABURA-ASEBU-K,2867.77,01/02/2025,16-May-2025,35,NEW28677701022025
NEW EDUBIASE GOVERNMENT HOSPITAL,Hospital,ADANSI SOUTH,143234.07,01/02/2025,16-May-2025,35,NEW1432340701022025
NEW SOMANYA CHPS COMPOUND,CHPS,JUABOSO,458.70,01/02/2025,16-May-2025,35,NEW4587001022025
NEW TAFO GOVT. HOSPITAL,Hospital,EAST AKIM,229671.70,01/02/2025,16-May-2025,35,NEW2296717001022025
NINGO CHPS COMPOUND,CHPS,BIRIM SOUTH,2990.74,01/02/2025,16-May-2025,35,NINGO29907401022025
NKENKAASU GOVERNMENT HOSPITAL,Hospital,OFFINSOMAN,97711.06,01/02/2025,16-May-2025,35,NKENKAASU977110601022025
NKRAMPOR CHPS,CHPS,EJURA SEKYEDUMA,2990.05,01/02/2025,16-May-2025,35,NKRAMPOR29900501022025
NKRANKROM CHPS (SUNYANI),CHPS,SUNYANI MUNICIP,3231.67,01/02/2025,16-May-2025,35,NKRANKROM32316701022025
NKROMA CHPS,CHPS,ATWIMA MPONOA,3429.51,01/02/2025,16-May-2025,35,NKROMA34295101022025
NKRONUA CHPS,CHPS,BIBIANI-AN BE,1605.47,01/02/2025,16-May-2025,35,NKRONUA16054701022025
NKRONUA CHPS COMPOUND,CHPS,UPPER DENKYIRA,336.94,01/02/2025,16-May-2025,35,NKRONUA3369401022025
NKWANTA CHPS COMPOUND (UPPER DENKYIRA),CHPS,UPPER DENKYIRA,2739.81,01/02/2025,16-May-2025,35,NKWANTA27398101022025
NKWANTAKESE HEALTH CENTRE,Health Centre,KWABRE,3635.87,01/02/2025,16-May-2025,35,NKWANTAKESE36358701022025
NO. 4 CHPS,CHPS,KWAEBIBIREM,1694.71,01/02/2025,16-May-2025,35,NO.16947101022025
NOBI CHPS COMPOUND,CHPS,EAST AKIM,624.68,01/02/2025,16-May-2025,36,NOBI6246701022025
NOTRE DAME CLINIC,Clinic,AKUAPEM S,46030.18,01/02/2025,16-May-2025,36,NOTRE460301801022025
NOYEM CHPS,CHPS,BIRIM NORTH,3921.92,01/02/2025,16-May-2025,36,NOYEM39219201022025
NSANFO CHPS ZONE,CHPS,MFANTSIMAN,1182.85,01/02/2025,16-May-2025,36,NSANFO11828401022025
NSAWAM GOVERNMENT HOSPITAL,Hospital,AKUAPEM S,659735.35,01/02/2025,16-May-2025,36,NSAWAM6597353501022025
NSAWAM HEALTH CENTRE,Health Centre,AKUAPEM S,60305.54,01/02/2025,16-May-2025,36,NSAWAM603055401022025
NSU-NTEM CHPS COMPOUND,CHPS,TWI HEM LO DEN,760.40,01/02/2025,16-May-2025,36,NSU-NTEM7604001022025
NSUAEM CHPS COMPOUND,CHPS,AMANSIE EAST,2587.20,01/02/2025,16-May-2025,36,NSUAEM25871901022025
NSUAEM NO 2 CHPS COMPOUND,CHPS,WASSA AMENFI E,1894.69,01/02/2025,16-May-2025,36,NSUAEM18946901022025
NSUTA CHPS(TANO SOUTH),CHPS,TANO SOUTH,2980.85,01/02/2025,16-May-2025,36,NSUTA29808501022025
NSUTA HEALTH CENTRE (ASHANTI),Health Centre,SEKYERE WEST,32399.99,01/02/2025,16-May-2025,36,NSUTA323999901022025
"NSUTA HEALTH CENTRE, AMANSIE EAST",Health Centre,AMANSIE EAST DI,5380.59,01/02/2025,16-May-2025,36,NSUTA53805901022025
NSUTAM CHPS COMPOUND,CHPS,FANTEAKWA,4561.70,01/02/2025,16-May-2025,36,NSUTAM45617001022025
NTANAASO CHPS COMPOUND,CHPS,NKORANZA,4221.33,01/02/2025,16-May-2025,36,NTANAASO42213301022025
NTESO CHPS COMPOUND,CHPS,OKWAWUMAN SOUTH,3071.97,01/02/2025,16-May-2025,36,NTESO30719701022025
NTEWUSAE HEALTH CENTRE (KRACHI WEST),Health Centre,KRACHI WEST,7027.46,01/02/2025,16-May-2025,36,NTEWUSAE70274601022025
NTINANKO HEALTH CENTRE,Health Centre,AMANSIE EAST,3564.64,01/02/2025,16-May-2025,36,NTINANKO35646401022025
NTOM CHPS,CHPS,UPPERENKYIRA,448.74,01/02/2025,16-May-2025,36,NTOM4487401022025
NTOWKROM CHPS COMPOUN,CHPS,SUHUM,544.29,01/02/2025,16-May-2025,36,NTOWKROM5442901022025
NTRABAN CHPS COMPOUN,CHPS,KINTAMPO NORTH,405.79,01/02/2025,16-May-2025,36,NTRABAN4057901022025
NTUMKUMSO CHPS COMPOUND,CHPS,EFFIDUASE,2086.42,01/02/2025,16-May-2025,37,NTUMKUMSO20864201022025
NTUNKUM CHPS COMPOUND,CHPS,SUHUM KRA C,1261.31,01/02/2025,16-May-2025,37,NTUNKUM12613101022025
NUASO CHPS COMPOUND,CHPS,MANYA KROBO,3713.32,01/02/2025,16-May-2025,37,NUASO37133201022025
NUTIFAFA HEALTH CENTRE,Health Centre,ADAKLU-ANY,3750.50,01/02/2025,16-May-2025,37,NUTIFAFA37505001022025
NWAMASE HEALTH CENTRE,Health Centre,BANTAMA,8534.30,01/02/2025,16-May-2025,37,NWAMASE85342901022025
NYAGBO-GAGBEFE CHPS COMPOUND,CHPS,HOHOE,1130.73,01/02/2025,16-May-2025,37,NYAGBO-GAGBEFE11307301022025
NYAKUIKOPE CHPS,CHPS,AFRAM PLAINS,1625.10,01/02/2025,16-May-2025,37,NYAKUIKOPE16251001022025
NYAMEAMA BROFOYEDRU CHPS COMPOUND,CHPS,DORMAA WEST,2074.32,01/02/2025,16-May-2025,37,NYAMEAMA20743201022025
NYAMEBEKYERE ASUADAI CHPS ZONE,CHPS,ASUNAFO SOUTH,1578.89,01/02/2025,16-May-2025,37,NYAMEBEKYERE15788901022025
NYAMEBEKYERE CHPS COMPOUND (AMENFI WAST),CHPS,AMENFI WEST,676.49,01/02/2025,16-May-2025,37,NYAMEBEKYERE6764901022025
NYANFEKU CHPS (AAK),CHPS,ABURA-ASEBU-KWA,5289.89,01/02/2025,16-May-2025,37,NYANFEKU52898901022025
NYANGANIA CHPS COMPOUND.,CHPS,KASENA-NANKANA,1633.04,01/02/2025,16-May-2025,37,NYANGANIA16330401022025
NYANKOMASE CHPS COMPOUND,CHPS,ADANSI NORTH MH,3798.35,01/02/2025,16-May-2025,37,NYANKOMASE37983501022025
NYANSHEGU CHPS COMPOUND,CHPS,SAGNARIGU,2935.83,01/02/2025,16-May-2025,37,NYANSHEGU29358301022025
NYANYANO HEALTH CENTRE,Health Centre,GOMOAMAN HIS,13621.19,01/02/2025,16-May-2025,37,NYANYANO136211901022025
NYARIGA CHPS,CHPS,BONGO,1926.35,01/02/2025,16-May-2025,37,NYARIGA19263501022025
NYINASE CHPS,CHPS,TWI HEM LO DEN,3307.70,01/02/2025,16-May-2025,37,NYINASE33077001022025
NYINAWUSU CHPS COMPOUND,CHPS,UPPER DENKYIRA,1798.43,01/02/2025,16-May-2025,37,NYINAWUSU17984301022025
NYIRE CHPS,CHPS,TAIN DIST,2929.28,01/02/2025,16-May-2025,37,NYIRE29292801022025
NYOHINI HEALTH CENTRE,Health Centre,TAMALE,30886.83,01/02/2025,16-May-2025,37,NYOHINI308868301022025
OBANDA CHPS ZONE,CHPS,NKWANTA,2998.11,01/02/2025,16-May-2025,38,OBANDA29981101022025
OBENYEMI CHPS,CHPS,YILO KROBO,1820.97,01/02/2025,16-May-2025,38,OBENYEMI18209701022025
OBLOGO HEALTH CENTRE,Health Centre,WEIJA,22099.29,01/02/2025,16-May-2025,38,OBLOGO220992901022025
OBOADAKA CHPS,CHPS,AKUAPEM SOUTH,4402.07,01/02/2025,16-May-2025,38,OBOADAKA44020701022025
OBODANASE CHPS ZONE,CHPS,EAST AKIM,3273.25,01/02/2025,16-May-2025,38,OBODANASE32732501022025
OBOMOFODENSUA CHPS COMPOUND,CHPS,SUHUM KRA C,1918.63,01/02/2025,16-May-2025,38,OBOMOFODENSUA19186301022025
OBORPAH HEALTH CENTRE,Health Centre,EASTERN REGION,4301.57,01/02/2025,16-May-2025,38,OBORPAH43015701022025
OBOURTUMPANG CHPS ZONE,CHPS,SUHUM KRABOA-CO,984.31,01/02/2025,16-May-2025,38,OBOURTUMPANG9843101022025
OBRAWOGUM CHPS ZONE,CHPS,AJUMAKO ENYAN,988.69,01/02/2025,16-May-2025,38,OBRAWOGUM9886901022025
OBRETEMA CHPS COMPOUND,CHPS,SUHUM KRA C,2957.12,01/02/2025,16-May-2025,38,OBRETEMA29571201022025
OBUOHO CHPS COMPOUND,CHPS,SUHUM DISTRICT,1763.28,01/02/2025,16-May-2025,38,OBUOHO17632801022025
ODOMI CHPS COMPOUND,CHPS,MKWANTA,236.50,01/02/2025,16-May-2025,38,ODOMI2365001022025
ODORMITOR CHPS COMPOUND,CHPS,JASIKAN,281.32,01/02/2025,16-May-2025,38,ODORMITOR2813201022025
ODUMAN HEALTH CENTRE,Health Centre,GA,119337.38,01/02/2025,16-May-2025,38,ODUMAN1193373801022025
ODUMASE CHPS,CHPS,JASIKAN,1507.68,01/02/2025,16-May-2025,38,ODUMASE15076801022025
ODUMASE HEALTH CENTRE,Health Centre,ASANTE AKIM NOR,49097.45,01/02/2025,16-May-2025,38,ODUMASE490974501022025
ODUMASE HEALTH CENTRE(LOWER MANYA KROBO),Health Centre,MANYA KROBO DMH,6277.17,01/02/2025,16-May-2025,38,ODUMASE62771701022025
OFAAKOR CHPS ZONE (AWUTU SENYA),CHPS,AWUTU-EFFUTU-SE,234.42,01/02/2025,16-May-2025,38,OFAAKOR2344201022025
OFFINSO HEALTH CENTRE,Health Centre,OFFINSOMAN,57986.61,01/02/2025,16-May-2025,38,OFFINSO579866101022025
OFFUMAN HEALTH CENTRE,Health Centre,TECHIMAN,45833.17,01/02/2025,16-May-2025,38,OFFUMAN458331701022025
OFOSU CHPS ZONE,CHPS,NKWANTA,4511.01,01/02/2025,16-May-2025,39,OFOSU45110101022025
OGBOJO POLYCLINIC,Polyclinic,ADENTA,61622.97,01/02/2025,16-May-2025,39,OGBOJO616229701022025
OHAWU HEALTH CENTRE,Health Centre,KETU NORTH,4367.71,01/02/2025,16-May-2025,39,OHAWU43677101022025
OHIAMPEANIKA CHPS,CHPS,AMENFIMAN,454.62,01/02/2025,16-May-2025,39,OHIAMPEANIKA4546201022025
OHIANHYEDA CHPS COMPOUND,CHPS,ASIKUMA ODOBEN,1475.11,01/02/2025,16-May-2025,39,OHIANHYEDA14751101022025
OJOJA CHPS COMPOUND,CHPS,ZABZUGU/TATALE,2828.12,01/02/2025,16-May-2025,39,OJOJA28281201022025
OKORASE CHPS,CHPS,SUHUM KRA C,4310.31,01/02/2025,16-May-2025,39,OKORASE43103101022025
OKYINSO CHPS,CHPS,KWAEBIBIREM,2700.32,01/02/2025,16-May-2025,39,OKYINSO27003201022025
OKYIRIKU CHPS COMPOUND,CHPS,ABURA-ASEBU-K,2040.42,01/02/2025,16-May-2025,39,OKYIRIKU20404201022025
OLD AKRADE CHPS,CHPS,ASUOGYAMAN,436.22,01/02/2025,16-May-2025,39,OLD4362201022025
OLD AYOMA HEALTH CENTRE,Health Centre,JASIKAN,1707.87,01/02/2025,16-May-2025,39,OLD17078701022025
OLD GOVERNMENT HOSPITAL (TARKWA),Hospital,TARKWA,252029.01,01/02/2025,16-May-2025,39,OLD2520290101022025
OLD NINGO HEALTH CENTRE,Health Centre,DANGME W,5361.45,01/02/2025,16-May-2025,39,OLD53614501022025
OLD TAFO CHPS COMPOUND,CHPS,EAST AKIM,3754.44,01/02/2025,16-May-2025,39,OLD37544401022025
"OLD TOWN CHPS,",CHPS,BIRIM SOUTH,41239.82,01/02/2025,16-May-2025,39,OLD412398201022025
OLLI CHPS,CHPS,WA WEST,1631.30,01/02/2025,16-May-2025,39,OLLI16313001022025
OMENAKO CHPS COMPOUND,CHPS,SUHUM KRABOA CO,2002.61,01/02/2025,16-May-2025,39,OMENAKO20026101022025
ONWE GOVERNMENT HOSPITAL,Hospital,EJISU-JUABEN,85364.25,01/02/2025,16-May-2025,39,ONWE853642501022025
OPPONGKROM CHPS COMPOUND,CHPS,ASUNAFO S,1816.65,01/02/2025,16-May-2025,39,OPPONGKROM18166501022025
OSABENE CHPS,CHPS,AKUAPEM N,1462.23,01/02/2025,16-May-2025,39,OSABENE14622301022025
OSEDZE CHPS COMPOUND (AJUMAKO),CHPS,AJUMAKO ENYAN,1899.54,01/02/2025,16-May-2025,40,OSEDZE18995401022025
OSEIKOJOKROM CHPS COMPOUND,CHPS,BIA,4571.87,01/02/2025,16-May-2025,40,OSEIKOJOKROM45718701022025
OSENHO-TABITA CHPS COMPOUND,CHPS,BIRIM SOUTH,780.24,01/02/2025,16-May-2025,40,OSENHO-TABITA7802401022025
OSIEM CHPS,CHPS,EAST AKIM,2848.81,01/02/2025,16-May-2025,40,OSIEM28488101022025
OSINO HEALTH CENTRE,Health Centre,FANTEAKWA,30738.84,01/02/2025,16-May-2025,40,OSINO307388401022025
OSORASE CHPS,CHPS,BIRIM SOUTH,4288.00,01/02/2025,16-May-2025,40,OSORASE42880001022025
OSRAMANAE HEALTH CENTRE (KRACHI WEST),Health Centre,KRACHI WEST,5591.69,01/02/2025,16-May-2025,40,OSRAMANAE55916901022025
OSU GOVERNMENT MATERNITY HOME,Maternity Home,OSU-KLOTTEY,8340.94,01/02/2025,16-May-2025,40,OSU83409401022025
OSUDOKU HEALTH CENTRE,Health Centre,DANGME WEST,23671.83,01/02/2025,16-May-2025,40,OSUDOKU236718301022025
OTOASE CHPS COMPOUND,CHPS,SUHUM KRA C,1624.38,01/02/2025,16-May-2025,40,OTOASE16243801022025
OTROKPER REPRODUCTIVE AND CHILD HEALTH (RCH),Health Centre,MANYA KROBO,5095.81,01/02/2025,16-May-2025,40,OTROKPER50958101022025
OTUATER CHPS,CHPS,FANTEAKWA,1573.87,01/02/2025,16-May-2025,40,OTUATER15738701022025
OTUMI CHPS,CHPS,KWAEBIBIREM,3401.85,01/02/2025,16-May-2025,40,OTUMI34018501022025
OTWETIRI CHPS COMPOUND,CHPS,AKUAPEM NORTH,341.67,01/02/2025,16-May-2025,40,OTWETIRI3416701022025
"OUR LADY OF FATIMA HEALTH CENTRE, ABEASE",Health Centre,PRU,11660.88,01/02/2025,16-May-2025,40,OUR116608801022025
OUR LADY OF ROCIO & NUTRITION SERVICES,Unknown,WEST MAMPRUSI,100680.34,01/02/2025,16-May-2025,40,OUR1006803401022025
OWLO CHPS COMPOUND (WUOLO),CHPS,NADOWLI,1575.35,01/02/2025,16-May-2025,40,OWLO15753501022025
OWORAM CHPS COMPOUND,CHPS,WEST AKIM,1712.30,01/02/2025,16-May-2025,40,OWORAM17123001022025
OWOROBONG CHPS,CHPS,OKWAWUMAN S,1575.38,01/02/2025,16-May-2025,40,OWOROBONG15753801022025
OYIBI HEALTH CENTRE,Health Centre,ADENTA,9632.55,01/02/2025,16-May-2025,40,OYIBI96325401022025
PABI CHPS,CHPS,WEST AKIM,3789.76,01/02/2025,16-May-2025,41,PABI37897601022025
PAFO NKWANTA CHPS,CHPS,ASUNAFO,2481.15,01/02/2025,16-May-2025,41,PAFO24811501022025
PAKRO HEALTH CENTRE,Health Centre,AKUAPEM S,14112.03,01/02/2025,16-May-2025,41,PAKRO141120301022025
PANKESE CHPS ZONE,CHPS,BIRIM NORTH DMH,4635.19,01/02/2025,16-May-2025,41,PANKESE46351801022025
PANTOOSO CHPS,CHPS,AMENFIMAN,2003.60,01/02/2025,16-May-2025,41,PANTOOSO20036001022025
PATAKRO CHPS ZONE,CHPS,BODI,2686.63,01/02/2025,16-May-2025,41,PATAKRO26866301022025
PEKI GOVERNMENT HOSPITAL,Hospital,SOUTH DAYI,180093.29,01/02/2025,16-May-2025,41,PEKI1800932901022025
"PENTECOST HOSPITAL,MADINA/ALPHA MEDICAL CENTRE)",Medical Centre,MADINA,254719.79,01/02/2025,16-May-2025,41,PENTECOST2547197901022025
PEWUAKO CHPS ZONE,CHPS,WASSA AMENFI E,269.94,01/02/2025,16-May-2025,41,PEWUAKO2699401022025
PIINA HEALTH CENTRE,Health Centre,JIRAPA-LAMB,5791.63,01/02/2025,16-May-2025,41,PIINA57916301022025
PINA CHPS,CHPS,SISSALA E,599.35,01/02/2025,16-May-2025,41,PINA5993501022025
PIPIE CHPS COMPOUND,CHPS,BOSOMTWE-ATWIMA,1627.98,01/02/2025,16-May-2025,41,PIPIE16279801022025
PITANGA CHPS,CHPS,TALENSI NABDAM,3785.79,01/02/2025,16-May-2025,41,PITANGA37857901022025
POKROM HEALTH CENTRE,Health Centre,AKUAPEM S,33229.65,01/02/2025,16-May-2025,41,POKROM332296501022025
POKUKROM HEALTH CENTRE,Health Centre,AHAFO ANO SOUTH,1705.87,01/02/2025,16-May-2025,41,POKUKROM17058701022025
POTROASE CHPS,CHPS,EAST AKIM,3059.95,01/02/2025,16-May-2025,41,POTROASE30599501022025
PRAMPOSO CHPS COMPOUND,CHPS,KINTAMPO S,5801.62,01/02/2025,16-May-2025,41,PRAMPOSO58016201022025
"PRANG HEALTH CENTRE, PRANG",Health Centre,PRU,46189.40,01/02/2025,16-May-2025,41,PRANG461894001022025
PRASO KUMA CHPS COMPOUND,CHPS,BIRIM NORTH,3861.92,01/02/2025,16-May-2025,41,PRASO38619201022025
"PRESBYTERIAN CLINIC, OHIAMATUO",Clinic,AMENFIMAN,1991.90,01/02/2025,16-May-2025,41,PRESBYTERIAN19919001022025
PRESBYTERIAN HEALTH CENTRE (ENCHI),Health Centre,AOWIN-SU,34691.59,01/02/2025,16-May-2025,42,PRESBYTERIAN346915801022025
PRESBYTERIAN HEALTH CENTRE - SALAGA,Health Centre,EAST GONJA,4482.25,01/02/2025,16-May-2025,42,PRESBYTERIAN44822501022025
"PRESBYTERIAN HEALTH CENTRE, KWAMEBIKROM",Health Centre,BIA,4850.55,01/02/2025,16-May-2025,42,PRESBYTERIAN48505501022025
PRESBYTERIAN REGIONAL EYE CENTRE,Unknown,BOLGA MHIS,49545.78,01/02/2025,16-May-2025,42,PRESBYTERIAN495457801022025
PRESTEA GOVERNMENT HOSPITAL,Hospital,WASSA-WEST,171816.89,01/02/2025,16-May-2025,42,PRESTEA1718168901022025
PRINCESS MARIE LOUISE CHILDREN'S HOSPITAL,Hospital,ASHIEDU KE,95529.36,01/02/2025,16-May-2025,42,PRINCESS955293601022025
PRISONS HEALTH CENTER,Health Centre,SUBIN,3075.49,01/02/2025,16-May-2025,42,PRISONS30754901022025
PUFFIEN HEALTH CENTRE,Health Centre,LAWRA,2610.86,01/02/2025,16-May-2025,42,PUFFIEN26108601022025
PUSU-NAMONGO CHPS COMPOUND,CHPS,TALENSI NABDAM,403.51,01/02/2025,16-May-2025,42,PUSU-NAMONGO4035101022025
PUSUGA CHPS COMPOUND,CHPS,NANUMBA NORTH,2849.29,01/02/2025,16-May-2025,42,PUSUGA28492901022025
SAA CHPS COMPOUND,CHPS,KASENA-NAN,891.24,01/02/2025,16-May-2025,42,SAA8912401022025
SAAMINI CHPS COMPOUND,CHPS,E MAMPRUSI,3013.48,01/02/2025,16-May-2025,42,SAAMINI30134801022025
SAAWIE CHPS ZONE,CHPS,JIRAPA-LAMB,1238.60,01/02/2025,16-May-2025,42,SAAWIE12385901022025
SABULE CHPS COMPOUND,CHPS,KINTAMPO SOUTH,521.98,01/02/2025,16-May-2025,42,SABULE5219801022025
SAGYIMASE CHPS COMPOUND,CHPS,EAST AKIM,3434.34,01/02/2025,16-May-2025,42,SAGYIMASE34343401022025
SAKAI HEALTH CENTRE,Health Centre,SISSALA EAST MH,4449.00,01/02/2025,16-May-2025,42,SAKAI44490001022025
SAKORA WONOO HEALTH CENTRE,Health Centre,KWABRE,4843.41,01/02/2025,16-May-2025,42,SAKORA48434101022025
SALAGA DISTRICT HOSPITAL,Hospital,EAST GONJA,349474.92,01/02/2025,16-May-2025,42,SALAGA3494749201022025
SALNAYILLI,Unknown,NANUMBA NORTH,794.21,01/02/2025,16-May-2025,42,SALNAYILLI7942101022025
SALVATION ARMY HEALTH CENTRE (AJUMAKO BAA,Health Centre,AJUMAKO,45350.81,01/02/2025,16-May-2025,42,SALVATION453508101022025
SAMANHYIA HEALTH CENTRE,Health Centre,AFRAM PLAINS,3800.57,01/02/2025,16-May-2025,43,SAMANHYIA38005701022025
SAMBU HEALTH CENTRE(YENDI),Health Centre,YENDI DIST HIS,4757.38,01/02/2025,16-May-2025,43,SAMBU47573801022025
SAMLESI CHPS (MANYA KROBO),CHPS,MANYA KROBO,1455.11,01/02/2025,16-May-2025,43,SAMLESI14551101022025
SAMPA GOVERNMENT HOSPITAL,Hospital,JAMAN N,174627.40,01/02/2025,16-May-2025,43,SAMPA1746274001022025
SAMSAM COMMUNITY CLINIC,Clinic,GA,463.85,01/02/2025,16-May-2025,43,SAMSAM4638501022025
SANFORD WORLD CLINICS-BRIMSO,Clinic,OGUAMAN,2651.97,01/02/2025,16-May-2025,43,SANFORD26519701022025
SANKANA CHPS COMPOUND,CHPS,NADOWLI,2445.93,01/02/2025,16-May-2025,43,SANKANA24459201022025
SANKORE HEALTH CENTRE,Health Centre,ASUNAFO S,32993.83,01/02/2025,16-May-2025,43,SANKORE329938301022025
SANKPALA HEALTH CENTRE,Health Centre,CENTRAL GONJA,6610.63,01/02/2025,16-May-2025,43,SANKPALA66106301022025
SANKUBENASE CHPS,CHPS,ATIWA,1306.11,01/02/2025,16-May-2025,43,SANKUBENASE13061001022025
SANTROKOFI BUME HEALTH CENTRE,Health Centre,HOHOE,3634.21,01/02/2025,16-May-2025,43,SANTROKOFI36342101022025
SANWA CHPS COMPOUND,CHPS,TAIN DISTRICT,7813.27,01/02/2025,16-May-2025,43,SANWA78132701022025
SANWAKYI CHPS COMPOUND,CHPS,ATEBUBU,3059.37,01/02/2025,16-May-2025,43,SANWAKYI30593701022025
SAPPOR CHPS,CHPS,ASUOGYAMAN,2452.11,01/02/2025,16-May-2025,43,SAPPOR24521101022025
SARABOGO CHPS,CHPS,PUSIGA,634.70,01/02/2025,16-May-2025,43,SARABOGO6347001022025
SARAKYI AKURA CHPS,CHPS,EJURA SEKYED,583.98,01/02/2025,16-May-2025,43,SARAKYI5839801022025
SAVELUGU MUNICIPAL HOSPITAL,Hospital,SAVELUGU / NANT,491168.63,01/02/2025,16-May-2025,43,SAVELUGU4911686301022025
SAWLA DISTRICT HOSPITAL,Hospital,SAWLA TUNA KALB,185871.21,01/02/2025,16-May-2025,43,SAWLA1858712101022025
SAWUA HEALTH CENTRE,Health Centre,BOSOMTWE-A_K,12538.44,01/02/2025,16-May-2025,43,SAWUA125384401022025
SDA CLINIC (ANYINASUSO),Clinic,OFFINSOMAN,24269.07,01/02/2025,16-May-2025,43,SDA242690701022025
"SDA CLINIC, DADIESO",Clinic,AOWIN-SUAMAN,39936.33,01/02/2025,16-May-2025,44,SDA399363301022025
SEKYERE HEMANG CHPS (MPOHOR WASSA),CHPS,MPOHOR WASSA EA,3892.64,01/02/2025,16-May-2025,44,SEKYERE38926401022025
SEKYERE KROBO HEALTH CENTRE,Health Centre,MPOHOR WASSA EA,4065.52,01/02/2025,16-May-2025,44,SEKYERE40655201022025
SEMPOA CHPS,CHPS,OKWAWUMAN S,4065.99,01/02/2025,16-May-2025,44,SEMPOA40659901022025
SENASE CHPS COMPOUND,CHPS,BEREKUM,4912.07,01/02/2025,16-May-2025,44,SENASE49120701022025
SENCHI METHODIST CLINIC,Clinic,SEKYERE EAST-EF,3388.70,01/02/2025,16-May-2025,44,SENCHI33887001022025
SENTIE CHPS,CHPS,SISSALA E,711.79,01/02/2025,16-May-2025,44,SENTIE7117901022025
SENYA CHPS COMPOUND,CHPS,NKORANZA,3425.99,01/02/2025,16-May-2025,44,SENYA34259901022025
SHIA HEALTH CENTRE,Health Centre,HO,7305.83,01/02/2025,16-May-2025,44,SHIA73058301022025
SHIA HEALTH CENTRE (TALENSI),Health Centre,TALENSI NABDAM,2302.33,01/02/2025,16-May-2025,44,SHIA23023301022025
SIANA CHPS COMPOUND,CHPS,ASUNAFO S,4376.42,01/02/2025,16-May-2025,44,SIANA43764201022025
SIBI HILL TOP CHPS COMPOUND,CHPS,NKWANTA,4636.92,01/02/2025,16-May-2025,44,SIBI46369201022025
SIENCHEM CHPS COMPOUND (CENTRAL REGION),CHPS,ASSIN NORTH,1849.02,01/02/2025,16-May-2025,44,SIENCHEM18490201022025
SIGHT FOR AFRICA EYE CLINIC,Clinic,OKAIKOI,30194.30,01/02/2025,16-May-2025,44,SIGHT301943001022025
SILANDRE CHPS COMPOUND,CHPS,HO,992.66,01/02/2025,16-May-2025,44,SILANDRE9926601022025
SILOAM GOSPEL CLINIC,Clinic,JOMORO,18861.47,01/02/2025,16-May-2025,44,SILOAM188614701022025
SIMPA CHPS,CHPS,AMENFIMAN,688.42,01/02/2025,16-May-2025,44,SIMPA6884201022025
SISIAMANG CHPS COMPOUND,CHPS,MANYA KROBO,373.80,01/02/2025,16-May-2025,44,SISIAMANG3738001022025
SOBIBA CHPS,CHPS,SABOBA / CHIREP,1902.76,01/02/2025,16-May-2025,44,SOBIBA19027601022025
SOKODE ANDO/BAGBLE CHPS,CHPS,HO,4755.55,01/02/2025,16-May-2025,44,SOKODE47555501022025
SOKODE JUASO CHPS COMPOUND,CHPS,EAST AKIM,1596.73,01/02/2025,16-May-2025,45,SOKODE15967301022025
SONYO CHPS COMPOUND,CHPS,BOLE DMHIS,2942.47,01/02/2025,16-May-2025,45,SONYO29424701022025
SOVIE HEALTH CENTER,Health Centre,VOLTA,14499.84,01/02/2025,16-May-2025,45,SOVIE144998401022025
SOWATEY CHPS COMPOUND,CHPS,SUHUM KRA C,1343.85,01/02/2025,16-May-2025,45,SOWATEY13438501022025
"SRA HEALTH CENTRE,.",Health Centre,SUHUM KRA C,687.25,01/02/2025,16-May-2025,45,SRA6872501022025
SRAFA KOKODO CHPS ZONE,CHPS,MFANTSIMAN,436.27,01/02/2025,16-May-2025,45,SRAFA4362701022025
"ST ANTHONY ANN'S MATERNITY CLINIC,DONYINA",Clinic,EJISU-JUABEN,74799.65,01/02/2025,16-May-2025,45,ST747996401022025
ST ANTHONY CLINIC,Clinic,ADANSI NORTH,2881.34,01/02/2025,16-May-2025,45,ST28813401022025
"ST ANTHONY HOSPITAL,DZODZE",Hospital,KETU NORTH,221892.19,01/02/2025,16-May-2025,45,ST2218921901022025
ST MARTIN DE PORES HOSPITAL AGORMANYA,Hospital,MANYA KROBO DMH,454525.24,01/02/2025,16-May-2025,45,ST4545252401022025
"ST THOMAS GEN & MATERNITY CLINIC, HIA",Clinic,AMANSIE CENT,4929.36,01/02/2025,16-May-2025,45,ST49293501022025
ST. ANDREW'S CATHOLIC CLINIC - KORDIABE,Clinic,DANGME WEST,63587.08,01/02/2025,16-May-2025,45,ST.635870801022025
ST. DOMINIC CLINIC,Clinic,PRU,4873.77,01/02/2025,16-May-2025,45,ST.48737701022025
"ST. IGNATIUS HEALTH CENTRE,",Health Centre,WA WEST,13365.83,01/02/2025,16-May-2025,45,ST.133658301022025
ST. JOSEPH CLINIC AND MATERNITY HOME,Clinic,OKWAWUMAN SOUTH,35920.46,01/02/2025,16-May-2025,45,ST.359204601022025
ST. JOSEPH'S CLINIC (ABIRA),Clinic,KWABRE,36770.21,01/02/2025,16-May-2025,45,ST.367702101022025
"ST. MARY'S HOSPITAL, DROBO",Hospital,JAMAN S,417295.41,01/02/2025,16-May-2025,45,ST.4172954101022025
ST. THERESA HOSPITAL - NANDOM,Hospital,LAWRA MHIS,406687.62,01/02/2025,16-May-2025,45,ST.4066876201022025
SUBONPANG CHPS,CHPS,TANO N,5204.18,01/02/2025,16-May-2025,45,SUBONPANG52041801022025
SUBRISO NO. 1 CHPS,CHPS,TANO N,5792.82,01/02/2025,16-May-2025,45,SUBRISO57928201022025
